[{"id":1, "profileID":"131574401", "userID":"5oEIR5YPlBPguWuX65o1yfs6p0q1"},
 {"id":2, "profileID":"131574400", "userID":"5oEIR5YPlBPguWuX65o1yfs6p0q1"},
 {"id":3, "profileID":"131574402", "userID":"5oEIR5YPlBPguWuX65o1yfs6p0q1"},
 {"id":4, "profileID":"131574400", "userID":"QhVaxcHYYbf6fYejmOZqC2Esqpu2"},
 {"id":6, "profileID":"131574400", "userID":"TCVwI5L1jMcegwMfYounkFA5y6o1"},
 {"id":7, "profileID":"131574409", "userID":"TCVwI5L1jMcegwMfYounkFA5y6o1"},
 {"id":8, "profileID":"131574410", "userID":"TCVwI5L1jMcegwMfYounkFA5y6o1"},
 {"id":9, "profileID":"131574411", "userID":"TCVwI5L1jMcegwMfYounkFA5y6o1"},
 {"id":10, "profileID":"131574412", "userID":"5oEIR5YPlBPguWuX65o1yfs6p0q1"},
 {"id":11, "profileID":"131574413", "userID":"TAuRLvVM7NSxVf99aRnj4jyZSYF3"},
 {"id":12, "profileID":"131574400", "userID":"TAuRLvVM7NSxVf99aRnj4jyZSYF3"},
 {"id":13, "profileID":"131574414", "userID":"TAuRLvVM7NSxVf99aRnj4jyZSYF3"},
 {"id":14, "profileID":"131574415", "userID":"TAuRLvVM7NSxVf99aRnj4jyZSYF3"},
 {"id":15, "profileID":"131574415", "userID":"TAuRLvVM7NSxVf99aRnj4jyZSYF3"},
 {"id":16, "profileID":"131574416", "userID":"TAuRLvVM7NSxVf99aRnj4jyZSYF3"},
 {"id":17, "profileID":"131574417", "userID":"5oEIR5YPlBPguWuX65o1yfs6p0q1"},
 {"id":18, "profileID":"131574418", "userID":"5oEIR5YPlBPguWuX65o1yfs6p0q1"},
 {"id":23, "profileID":"131574421", "userID":"5oEIR5YPlBPguWuX65o1yfs6p0q1"},
 {"id":24, "profileID":"131574420", "userID":"5oEIR5YPlBPguWuX65o1yfs6p0q1"},
 {"id":25, "profileID":"131574422", "userID":"5oEIR5YPlBPguWuX65o1yfs6p0q1"},
 {"id":26, "profileID":"131574423", "userID":"5oEIR5YPlBPguWuX65o1yfs6p0q1"},
 {"id":27, "profileID":"131574424", "userID":"5oEIR5YPlBPguWuX65o1yfs6p0q1"},
 {"id":28, "profileID":"131574421", "userID":"TAuRLvVM7NSxVf99aRnj4jyZSYF3"},
 {"id":29, "profileID":"131574617", "userID":"TAuRLvVM7NSxVf99aRnj4jyZSYF3"},
 {"id":30, "profileID":"131574618", "userID":"TAuRLvVM7NSxVf99aRnj4jyZSYF3"},
 {"id":31, "profileID":"131574618", "userID":"TAuRLvVM7NSxVf99aRnj4jyZSYF3"},
 {"id":32, "profileID":"131574425", "userID":"TAuRLvVM7NSxVf99aRnj4jyZSYF3"},
 {"id":33, "profileID":"131574449", "userID":"TAuRLvVM7NSxVf99aRnj4jyZSYF3"},
 {"id":34, "profileID":"131574619", "userID":"TAuRLvVM7NSxVf99aRnj4jyZSYF3"},
 {"id":35, "profileID":"131574422", "userID":"TAuRLvVM7NSxVf99aRnj4jyZSYF3"},
 {"id":36, "profileID":"131574620", "userID":"TAuRLvVM7NSxVf99aRnj4jyZSYF3"},
 {"id":37, "profileID":"131574621", "userID":"TAuRLvVM7NSxVf99aRnj4jyZSYF3"},
 {"id":38, "profileID":"131574622", "userID":"TAuRLvVM7NSxVf99aRnj4jyZSYF3"},
 {"id":39, "profileID":"131574613", "userID":"b5UXe1Nc2majoVrk1FvfKjkT7Qi1"},
 {"id":40, "profileID":"131574613", "userID":"b5UXe1Nc2majoVrk1FvfKjkT7Qi1"},
 {"id":41, "profileID":"131574401", "userID":"b5UXe1Nc2majoVrk1FvfKjkT7Qi1"},
 {"id":42, "profileID":"131574624", "userID":"b5UXe1Nc2majoVrk1FvfKjkT7Qi1"},
 {"id":44, "profileID":"131574425", "userID":"5oEIR5YPlBPguWuX65o1yfs6p0q1"},
 {"id":45, "profileID":"131574425", "userID":"b5UXe1Nc2majoVrk1FvfKjkT7Qi1"},
 {"id":46, "profileID":"131574625", "userID":"b5UXe1Nc2majoVrk1FvfKjkT7Qi1"},
 {"id":47, "profileID":"131574420", "userID":"b5UXe1Nc2majoVrk1FvfKjkT7Qi1"},
 {"id":48, "profileID":"131574626", "userID":"b5UXe1Nc2majoVrk1FvfKjkT7Qi1"},
 {"id":49, "profileID":"131574414", "userID":"b5UXe1Nc2majoVrk1FvfKjkT7Qi1"},
 {"id":50, "profileID":"131574422", "userID":"b5UXe1Nc2majoVrk1FvfKjkT7Qi1"},
 {"id":51, "profileID":"131574420", "userID":"TAuRLvVM7NSxVf99aRnj4jyZSYF3"},
 {"id":52, "profileID":"131574613", "userID":"TAuRLvVM7NSxVf99aRnj4jyZSYF3"},
 {"id":53, "profileID":"131574627", "userID":"TAuRLvVM7NSxVf99aRnj4jyZSYF3"},
 {"id":54, "profileID":"131574628", "userID":"TAuRLvVM7NSxVf99aRnj4jyZSYF3"},
 {"id":55, "profileID":"131574629", "userID":"TAuRLvVM7NSxVf99aRnj4jyZSYF3"},
 {"id":56, "profileID":"131574630", "userID":"TAuRLvVM7NSxVf99aRnj4jyZSYF3"},
 {"id":57, "profileID":"131574631", "userID":"TAuRLvVM7NSxVf99aRnj4jyZSYF3"},
 {"id":58, "profileID":"131574401", "userID":"wnf9sTBkLKYHcGxmYidikm19e6E3"},
 {"id":59, "profileID":"131574400", "userID":"wnf9sTBkLKYHcGxmYidikm19e6E3"},
 {"id":60, "profileID":"131574473", "userID":"wnf9sTBkLKYHcGxmYidikm19e6E3"},
 {"id":61, "profileID":"131574612", "userID":"wnf9sTBkLKYHcGxmYidikm19e6E3"},
 {"id":62, "profileID":"131574613", "userID":"wnf9sTBkLKYHcGxmYidikm19e6E3"},
 {"id":63, "profileID":"131574422", "userID":"wnf9sTBkLKYHcGxmYidikm19e6E3"},
 {"id":64, "profileID":"131574632", "userID":"wnf9sTBkLKYHcGxmYidikm19e6E3"},
 {"id":65, "profileID":"131574487", "userID":"wnf9sTBkLKYHcGxmYidikm19e6E3"},
 {"id":66, "profileID":"131574491", "userID":"wnf9sTBkLKYHcGxmYidikm19e6E3"},
 {"id":67, "profileID":"131574466", "userID":"wnf9sTBkLKYHcGxmYidikm19e6E3"},
 {"id":68, "profileID":"131574633", "userID":"wnf9sTBkLKYHcGxmYidikm19e6E3"},
 {"id":69, "profileID":"131574614", "userID":"wnf9sTBkLKYHcGxmYidikm19e6E3"},
 {"id":70, "profileID":"131574423", "userID":"wnf9sTBkLKYHcGxmYidikm19e6E3"},
 {"id":71, "profileID":"131574634", "userID":"wnf9sTBkLKYHcGxmYidikm19e6E3"},
 {"id":72, "profileID":"131574615", "userID":"wnf9sTBkLKYHcGxmYidikm19e6E3"},
 {"id":73, "profileID":"131574635", "userID":"wnf9sTBkLKYHcGxmYidikm19e6E3"},
 {"id":74, "profileID":"131574418", "userID":"wnf9sTBkLKYHcGxmYidikm19e6E3"},
 {"id":75, "profileID":"131574618", "userID":"5oEIR5YPlBPguWuX65o1yfs6p0q1"},
 {"id":76, "profileID":"131574613", "userID":"5oEIR5YPlBPguWuX65o1yfs6p0q1"},
 {"id":77, "profileID":"131574627", "userID":"5oEIR5YPlBPguWuX65o1yfs6p0q1"},
 {"id":78, "profileID":"131574505", "userID":"5oEIR5YPlBPguWuX65o1yfs6p0q1"},
 {"id":79, "profileID":"131574636", "userID":"5oEIR5YPlBPguWuX65o1yfs6p0q1"}]