"id";"id_str";"name";"screen_name";"description";"followers_count";"profile_image_url_https";"verified";"created_at";"updated_at"
131574400;"2670726740";"Lula";"LulaOficial";"Filho de dona Lindu. Nascido em Pernambuco, criado no Sindicato dos Metal√∫rgicos do ABC. Presidente da Rep√∫blica do Brasil de 2003 a 2010.";2659769;"https://pbs.twimg.com/profile_images/1404467067491950596/uDFNjXRt_normal.jpg";1;"2021-07-02 15:01:00";"2021-07-15 11:01:32"
131574401;"25577585";"Fl√°vio Dino üáßüá∑";"FlavioDino";"Governador do Maranh√£o. Advogado, mestre em Direito P√∫blico (UFPE) e professor de Direito na UFMA. Foi juiz federal (1994/2006) e deputado federal (2007/2010)";636873;"https://pbs.twimg.com/profile_images/1410999728314236933/Er4jCGj-_normal.jpg";1;"2021-07-02 15:08:06";"2021-07-15 11:02:41"
131574402;"342994346";"Instituto Lula";"inst_lula";"O Instituto Lula foi criado para ampliar a coopera√ß√£o entre Brasil, √Åfrica e Am√©rica Latina e dar continuidade ao trabalho pol√≠tico de Lula.";256626;"https://pbs.twimg.com/profile_images/1963868616/institutolula_normal.jpg";1;"2021-07-02 15:17:32";"2021-07-15 11:01:34"
131574403;"1335942718040793091";"Roseana Sarney Murad";"RoseanaSarneyM";"Mulher, Maranhense e Guerreira. #RoseanaSarney";454;"https://pbs.twimg.com/profile_images/1405310724163964933/K7pHBZL6_normal.jpg";1;"2021-07-02 15:17:54";"2021-07-15 11:01:35"
131574404;"798892388366381056";"sofia „ÉÉ";"sofiaespanha";"oi // contato comercial: sofiaespanhacomercial@gmail.com (ela/dela)";488236;"https://pbs.twimg.com/profile_images/1411878588568248323/LHgWj5G4_normal.jpg";0;"2021-07-02 15:21:29";"2021-07-15 11:01:36"
131574405;"1335942718040793091";"Roseana Sarney Murad";"RoseanaSarneyM";"Mulher, Maranhense e Guerreira. #RoseanaSarney";454;"https://pbs.twimg.com/profile_images/1405310724163964933/K7pHBZL6_normal.jpg";1;"2021-07-02 18:00:19";"2021-07-15 11:01:35"
131574406;"1084783141";"CLOVES ü¶ã";"Clovesdot";"she/her OVERTHINKER";6374;"https://pbs.twimg.com/profile_images/1395739482759081988/6r4PzFG4_normal.jpg";1;"2021-07-02 19:56:44";"2021-07-15 11:01:38"
131574408;"1081389350137532416";"Ricardo Diniz üáßüá∑";"ricardodinix";"‚Ä¢ Entusiasta do big data e suas tecnologias";62;"https://pbs.twimg.com/profile_images/1396906364346277893/nKW2MnNj_normal.jpg";0;"2021-07-04 11:20:13";"2021-07-15 11:01:39"
131574409;"1335942718040793091";"Roseana Sarney Murad";"RoseanaSarneyM";"Mulher, Maranhense e Guerreira. #RoseanaSarney";454;"https://pbs.twimg.com/profile_images/1405310724163964933/K7pHBZL6_normal.jpg";1;"2021-07-04 11:35:08";"2021-07-15 11:01:35"
131574411;"127285692";"Sergio Sombra üáßüá∑";"sergiosombra";"Economista-UFMA; Especializa√ß√£o Gest√£o de Empresas- ESPM; Marketing-FGV; Fundador do Foto Clube Poesia do Olhar; Presidente Junta Comercial-MA";3565;"https://pbs.twimg.com/profile_images/1411999727592382465/1YeLw20C_normal.jpg";0;"2021-07-04 11:36:30";"2021-07-15 11:01:41"
131574412;"1335942718040793091";"Roseana Sarney Murad";"RoseanaSarneyM";"Mulher, Maranhense e Guerreira. #RoseanaSarney";454;"https://pbs.twimg.com/profile_images/1405310724163964933/K7pHBZL6_normal.jpg";1;"2021-07-05 12:49:15";"2021-07-15 11:01:35"
131574413;"185344587";"Lucas Leiva";"LucasLeiva87";"Twitter Oficial de Lucas Leiva ( atleta de futebol) Instagram: @leivalucas Facebook: Lucas Leiva Official";1851798;"https://pbs.twimg.com/profile_images/1346887216971325441/7QSpR7UC_normal.jpg";1;"2021-07-05 15:56:41";"2021-07-15 11:01:43"
131574414;"68712576";"Carlos Bolsonaro";"CarlosBolsonaro";"Vereador da cidade do Rio de Janeiro";2148468;"https://pbs.twimg.com/profile_images/1328451641754980358/f54_lLK0_normal.jpg";1;"2021-07-05 15:58:24";"2021-07-15 11:01:44"
131574415;"40053694";"Flavio Bolsonaro";"FlavioBolsonaro";"Agrade√ßo a Deus pelos 4.380.418 votos que me elegeram Senador pelo RJ. Telegram https://t.co/Xzs36KFQOq";1618424;"https://pbs.twimg.com/profile_images/1095444472425603072/VihzUPe__normal.jpg";1;"2021-07-05 15:59:54";"2021-07-15 11:01:45"
131574416;"1081389350137532416";"Ricardo Diniz üáßüá∑";"ricardodinix";"‚Ä¢ Entusiasta do big data e suas tecnologias";62;"https://pbs.twimg.com/profile_images/1396906364346277893/nKW2MnNj_normal.jpg";0;"2021-07-05 16:02:19";"2021-07-15 11:01:39"
131574417;"64563165";"Pedro Bial";"PBiaL";"TV Journalist";3642160;"https://pbs.twimg.com/profile_images/3304969685/987f336a6db0c3a8cc91371764545579_normal.jpeg";1;"2021-07-05 17:15:39";"2021-07-15 11:01:47"
131574418;"63508635";"Duarte Jr";"DuarteJr_";"üèÜDeputado mais votado da hist√≥ria de S√£o Lu√≠s üìöProfessor e Advogado üìåFoi Presidente do PROCON üéìMestre em Pol√≠ticas P√∫blicas UFMA üéìDoutorando em Direito";19179;"https://pbs.twimg.com/profile_images/1406813817686925312/8j6txwjo_normal.jpg";1;"2021-07-05 23:47:53";"2021-07-15 11:01:48"
131574420;"155659213";"Cristiano Ronaldo";"Cristiano";"This Privacy Policy addresses the collection and use of personal information - https://t.co/Jp6yh1T58c";92867357;"https://pbs.twimg.com/profile_images/1157313327867092993/a09TxL_1_normal.jpg";1;"2021-07-06 00:01:03";"2021-07-15 11:01:49"
131574421;"813286";"Barack Obama";"BarackObama";"Dad, husband, President, citizen.";129747154;"https://pbs.twimg.com/profile_images/1329647526807543809/2SGvnHYV_normal.jpg";1;"2021-07-06 00:24:15";"2021-07-15 11:01:50"
131574422;"128372940";"Jair M. Bolsonaro";"jairbolsonaro";"Capit√£o do Ex√©rcito Brasileiro, eleito 38¬∞ Presidente da Rep√∫blica Federativa do Brasil. üáßüá∑.";6875666;"https://pbs.twimg.com/profile_images/1057631480459886595/9VPdGJJz_normal.jpg";1;"2021-07-06 00:29:34";"2021-07-15 11:01:51"
131574423;"33014349";"Simpl√≠cio Ara√∫jo";"SimplicioAraujo";"Analista de Sistemas, Presidente do Solidariedade Maranh√£o, Deputado Federal, Secret√°rio de Industria, Com√©rcio e Energia do Maranh√£o.";5657;"https://pbs.twimg.com/profile_images/1395026107712348163/mYEFPXpr_normal.jpg";0;"2021-07-08 09:47:22";"2021-07-15 11:01:52"
131574424;"1081389350137532416";"Ricardo Diniz üáßüá∑";"ricardodinix";"‚Ä¢ Entusiasta do big data e suas tecnologias";62;"https://pbs.twimg.com/profile_images/1396906364346277893/nKW2MnNj_normal.jpg";0;"2021-07-08 09:54:06";"2021-07-15 11:01:39"
131574425;"116751115";"Adelmo Soares";"adelmosoares65";"Deputado Estadual eleito e
ex-Secret√°rio de Estado da Agricultura Familiar do Maranh√£o. Odont√≥logo, esposo, pai e av√¥ da Isadora! #PlanteEssaIdeia‚†Ä‚†Ä‚†Ä‚†Ä‚†Ä‚†Ä‚†Ä‚†Ä‚†Ä‚†Ä";2498;"https://pbs.twimg.com/profile_images/1100406059334680576/u8UdhTOW_normal.png";0;"2021-07-08 15:18:01";"2021-07-15 11:01:54"
131574426;"794866608";"Adriano Sarney üíö";"AdrianoSarney";"Deputado Estadual. Economista. Ativista contra o preconceito";3951;"https://pbs.twimg.com/profile_images/1331295451866423297/ObgEQ6Cu_normal.jpg";0;"2021-07-08 15:18:04";"2021-07-15 11:01:55"
131574427;"2583179096";"Ana do G√°s";"anadogasoficial";"Deputada Estadual do Maranh√£o (PCdoB).";874;"https://pbs.twimg.com/profile_images/1149754754098192385/HNRKY0Xd_normal.png";0;"2021-07-08 15:18:07";"2021-07-15 11:01:56"
131574428;"1093329310579154944";"Arnaldo Melo";"ArnaldoMelo12";"M√©dico e deputado estadual pelo Maranh√£o no 7¬∫ mandato. O MARANH√ÉO CONHECE E CONFIA!";123;"https://pbs.twimg.com/profile_images/1093330038500540416/qrOzfTeb_normal.jpg";0;"2021-07-08 15:18:10";"2021-07-08 15:18:10"
131574429;"116751115";"Adelmo Soares";"adelmosoares65";"Deputado Estadual eleito e
ex-Secret√°rio de Estado da Agricultura Familiar do Maranh√£o. Odont√≥logo, esposo, pai e av√¥ da Isadora! #PlanteEssaIdeia‚†Ä‚†Ä‚†Ä‚†Ä‚†Ä‚†Ä‚†Ä‚†Ä‚†Ä‚†Ä";2498;"https://pbs.twimg.com/profile_images/1100406059334680576/u8UdhTOW_normal.png";0;"2021-07-08 15:18:24";"2021-07-15 11:01:54"
131574430;"794866608";"Adriano Sarney üíö";"AdrianoSarney";"Deputado Estadual. Economista. Ativista contra o preconceito";3951;"https://pbs.twimg.com/profile_images/1331295451866423297/ObgEQ6Cu_normal.jpg";0;"2021-07-08 15:18:26";"2021-07-15 11:01:55"
131574431;"2583179096";"Ana do G√°s";"anadogasoficial";"Deputada Estadual do Maranh√£o (PCdoB).";874;"https://pbs.twimg.com/profile_images/1149754754098192385/HNRKY0Xd_normal.png";0;"2021-07-08 15:18:29";"2021-07-15 11:01:56"
131574432;"1093329310579154944";"Arnaldo Melo";"ArnaldoMelo12";"M√©dico e deputado estadual pelo Maranh√£o no 7¬∫ mandato. O MARANH√ÉO CONHECE E CONFIA!";123;"https://pbs.twimg.com/profile_images/1093330038500540416/qrOzfTeb_normal.jpg";0;"2021-07-08 15:18:32";"2021-07-08 15:18:32"
131574433;"1025103133981257728";"Deputado Carlinhos Flor√™ncio";"DepCarlinhosMA";"Deputado Estadual no Maranh√£o";50;"https://pbs.twimg.com/profile_images/1137576651183837185/2CSMKgiq_normal.png";0;"2021-07-08 15:18:34";"2021-07-13 23:59:07"
131574434;"2773697022";"C√©sar Pires";"DepCesarPires";"";47;"https://pbs.twimg.com/profile_images/505741180881997824/xKRLEjCN_normal.png";0;"2021-07-08 15:18:36";"2021-07-08 15:18:36"
131574435;"1909765362";"Deputado Ciro Neto";"cironeton";"";165;"https://pbs.twimg.com/profile_images/1382442926614134789/XGwZADyi_normal.jpg";0;"2021-07-08 15:18:39";"2021-07-08 15:18:39"
131574436;"1086232379482689536";"Dra. Cleide Coutinho";"Dep_CleideC";"M√©dica h√° 48 anos; Deputada Estadual (PDT); Empres√°ria cuidando da Sa√∫de de Caxias e Regi√£o; Esposa de Humberto Coutinho, com quem constru√≠ uma fam√≠lia linda";286;"https://pbs.twimg.com/profile_images/1086235698741633025/73OswJTO_normal.jpg";0;"2021-07-08 15:18:41";"2021-07-08 15:18:41"
131574437;"1118481835376431104";"Daniella Tema";"DaniellaTema";"Deputada estadual do Maranh√£o (DEM), eleita com 40.541 votos. Natural de Presidente Dutra, Regi√£o Central do Maranh√£o.";562;"https://pbs.twimg.com/profile_images/1319287003892994055/lDNErnVa_normal.jpg";0;"2021-07-08 15:18:44";"2021-07-15 11:02:06"
131574438;"1095733666003800064";"Detinha";"detinhaslz";"Deputada estadual mais votada em 2018 üôèüèº M√£e, casada e apaixonada pelo Maranh√£o üíô Assistente social";287;"https://pbs.twimg.com/profile_images/1253469248854396929/QPh9X6Mv_normal.jpg";0;"2021-07-08 15:18:47";"2021-07-15 11:02:07"
131574439;"632737286";"Helena Duailibe";"helenaduailibe_";"Deputada Estadual e Procuradora da Mulher (Alema)";1045;"https://pbs.twimg.com/profile_images/1362099798065766406/i6tZIowV_normal.jpg";0;"2021-07-08 15:18:49";"2021-07-12 17:24:03"
131574440;"1095138301844033537";"Dra. Thaiza Hortegal";"ThaizaHortegal";"Deputada Estadual no MA, m√©dica esteticista e m√£e dos pequenos Jo√£o e Esther!";478;"https://pbs.twimg.com/profile_images/1344284475484753921/OQPVRVFL_normal.jpg";0;"2021-07-08 15:18:52";"2021-07-13 23:59:07"
131574441;"63508635";"Duarte Jr";"DuarteJr_";"üèÜDeputado mais votado da hist√≥ria de S√£o Lu√≠s üìöProfessor e Advogado üìåFoi Presidente do PROCON üéìMestre em Pol√≠ticas P√∫blicas UFMA üéìDoutorando em Direito";19179;"https://pbs.twimg.com/profile_images/1406813817686925312/8j6txwjo_normal.jpg";1;"2021-07-08 15:18:54";"2021-07-15 11:01:48"
131574442;"2793462577";"Edivaldo Holanda";"HolandaEdivaldo";"Advogado inscrito na (OAB-MA n¬∞2134), Deputado Estadual, graduado em Administra√ß√£o P√∫blica Governamental pela  University of Coral Gables - EUA.";1620;"https://pbs.twimg.com/profile_images/1213197526037356544/n52xqwiw_normal.jpg";0;"2021-07-08 15:18:57";"2021-07-15 11:02:11"
131574443;"231407772";"Dep. Glalbert Cutrim";"glalbertcutrim";"Deputado Estadual e Empres√°rio";895;"https://pbs.twimg.com/profile_images/1133358704793927680/mcVmL90f_normal.png";0;"2021-07-08 15:18:59";"2021-07-10 11:55:01"
131574444;"167968053";"Dep. Marcos Caldas";"depmarcoscaldas";"";45;"https://pbs.twimg.com/profile_images/1081264480/foto_twitter_normal.jpg";0;"2021-07-08 15:19:02";"2021-07-08 15:19:02"
131574445;"1177021738053525504";"Mical Damasceno";"micaldamasceno";"Administradora, Deputada Estadual no Maranh√£o (PTB) Em defesa da fam√≠lia "Porque vivemos por f√©, e n√£o pelo que vemos". 2¬∞Co 5:7";199;"https://pbs.twimg.com/profile_images/1414935872458399747/NUnT0HUj_normal.jpg";0;"2021-07-08 15:19:04";"2021-07-15 11:02:14"
131574446;"795228290";"FC Neto Evangelista ";"FCNetoE";"Amo Neto Evangelista... Sou f√£ dele dona do FC √© @SampaioThallyta... Fc criado dia 01/09/12 s2 e reconhecido pela #EquipeCastelo45 no dia 01/09/12";32;"https://pbs.twimg.com/profile_images/2564451344/v8k63tl5wjnsj8q450p4_normal.jpeg";0;"2021-07-08 15:19:07";"2021-07-08 15:19:07"
131574447;"583377940";"Othelino Neto";"OthelinoN";"Presidente da Assembleia Legislativa do Maranh√£o, casado, pai, jornalista, economista, p√≥s-graduado em Marketing Pol√≠tico. Auditor do TCE-MA.Dep Est p/ PCdoB";7993;"https://pbs.twimg.com/profile_images/1176706269421408257/hCRlBgEJ_normal.jpg";0;"2021-07-08 15:19:09";"2021-07-15 11:02:16"
131574448;"2317252641";"Rafael Leitoa";"DepRafaelleitoa";"Deputado Estadual e L√≠der do Governo Fl√°vio Dino na Assembleia.
Intagram: @rafaelleitoadep
https://t.co/ARunSG46gO";1455;"https://pbs.twimg.com/profile_images/1374426191810027529/Z-TV7GZE_normal.jpg";0;"2021-07-08 15:19:12";"2021-07-15 11:02:17"
131574449;"179147542";"Rildo  Amaral";"Rildoamaral";"Filho apaixonado de Imperatriz, amante do esporte, formado em Administra√ß√£o de Empresas na Uema, professor de educa√ß√£o f√≠sica, aluno de Geografia e vereador!";242;"https://pbs.twimg.com/profile_images/378800000598665986/ccbf37c8420fed224371e460d9567c75_normal.jpeg";0;"2021-07-08 15:19:14";"2021-07-08 15:19:14"
131574450;"323263308";"Roberto Costa";"robertocostama_";"Administrador | Deputado Estadual (MDB-MA)
Vice-presidente da Alema | Atleta";1617;"https://pbs.twimg.com/profile_images/1278035061074464769/8KvMWBLM_normal.png";0;"2021-07-08 15:19:17";"2021-07-15 11:02:19"
131574451;"133284193";"Socorro Waquim";"SocorroWaquim";"";84;"https://pbs.twimg.com/profile_images/825142221/PEDRO_PATRICIO__414__normal.JPG";0;"2021-07-08 15:19:20";"2021-07-08 15:19:20"
131574452;"140480459";"Wellington do Curso";"SouWellington__";"Ex-Sargento do Ex√©rcito, Professor e fundador do @cursowellington, Deputado Estadual reeleito pelo VOTO CONSCIENTE. Pr√©-candidato a prefeito de SaoLuis ‚ù§Ô∏è";40543;"https://pbs.twimg.com/profile_images/1291720939810455552/fL-S_ESY_normal.jpg";0;"2021-07-08 15:19:22";"2021-07-14 11:26:23"
131574453;"1576755078";"Ygl√©sio Moyses";"yglesiomoyses";"Aquele do Socorr√£o 1 que faz Medicina pra cuidar das pessoas, Direito pra defender quem precisa e Pol√≠tica pra consertar as coisas. Deputado Estadual/MA.";3297;"https://pbs.twimg.com/profile_images/1401219804720250880/540fdBFR_normal.jpg";0;"2021-07-08 15:19:25";"2021-07-15 11:02:22"
131574454;"2654800357";"Aluisio Mendes";"AluisioMendesMA";"Deputado Federal pelo estado do Maranh√£o.";3978;"https://pbs.twimg.com/profile_images/1401909430975881224/HZZ_87td_normal.jpg";0;"2021-07-08 15:19:27";"2021-07-15 11:02:23"
131574455;"3254270357";"Andr√© Fufuca";"DepAndreFufuca";"M√©dico, iniciou sua carreira pol√≠tica em 2010, elegendo-se o deputado estadual mais novo do Brasil. Atualmente exerce seu 2¬∫ mandato de deputado federal.";2559;"https://pbs.twimg.com/profile_images/1354455446111846401/vNc3bfx5_normal.jpg";0;"2021-07-08 15:19:30";"2021-07-15 11:02:24"
131574456;"137548563";"Bira do Pindar√©";"BiradoPindare";"Dep Federal.Banc√°rio,professor,advogado e mestre em Pol√≠ticasP√∫blicas. Foi presi do Sind Banc√°rios,Delegado do Trabalho,Sec Ci√™ncia Tecnologia Dep Estadual (2x)";12932;"https://pbs.twimg.com/profile_images/1323614941140701184/dXlI5HPE_normal.jpg";1;"2021-07-08 15:19:33";"2021-07-15 11:02:25"
131574457;"3092387621";"Cleber Verde";"CleberVerde10";"Dois mandatos de vereador de S√£o Luis - MA, indo para o 4¬∫ mandato de Deputado Federal. Funcion√°rio p√∫blico licenciado, advogado, empres√°rio, e escritor.";1420;"https://pbs.twimg.com/profile_images/1057802512701554688/17rxeYJe_normal.jpg";0;"2021-07-08 15:19:35";"2021-07-15 11:02:26"
131574458;"1113965533542719488";"Edilazio Junior";"EdilazioJunior_";"Casado/Pai de 3 filhos e uma filha Advogado - Deputado Federal do Maranh√£o e Presidente Estadual do PSD";1482;"https://pbs.twimg.com/profile_images/1290276116796780545/ZMK5xQOe_normal.jpg";0;"2021-07-08 15:19:38";"2021-07-15 11:02:27"
131574459;"25311569";"Gast√£o Vieira";"gastaodvieira";"üí¨ Deputado federal no 6¬∫ mandato 
‚öñ Advogado
üõ´ Ex-ministro do Turismo 
üìö Ex-presidente do FNDE
üë®‚Äçüè´ Ex-secret√°rio de Estado da Educa√ß√£o";2095;"https://pbs.twimg.com/profile_images/1357111475073146880/XeEQCyaU_normal.jpg";1;"2021-07-08 15:19:40";"2021-07-13 23:59:07"
131574460;"163165805";"Gil Cutrim";"gilcutrim";"Deputado Federal - MA | Republicanos, casado, advogado, pai de dois filhos, ex-prefeito de S√£o Jos√© de Ribamar-MA, ex-presidente da FAMEM";1508;"https://pbs.twimg.com/profile_images/1358065786007531520/sySTbB3S_normal.jpg";0;"2021-07-08 15:19:43";"2021-07-15 11:02:29"
131574461;"97445850";"Hildo Rocha";"RochaHildorocha";"Deputado Federal, administrador, j√° foi vereador e prefeito de Cantanhede/MA, Secret√°rio de Articula√ß√£o Pol√≠tica e Secret√°rio de Estado das Cidades.";1535;"https://pbs.twimg.com/profile_images/1158720478359539712/WuCfotUi_normal.jpg";0;"2021-07-08 15:19:45";"2021-07-15 11:02:30"
131574462;"1233024544270684161";"Jo√£o Marcelo Souza";"dep_joaomarcelo";"Deputado Federal (MDB-MA). Psic√≥logo. Casado com Wilt√¢nia e pai de Jo√£o Pedro e Lu√≠za.";59;"https://pbs.twimg.com/profile_images/1234931965939286016/OMwxUizA_normal.jpg";0;"2021-07-08 15:19:48";"2021-07-12 17:24:03"
131574463;"948927124316008449";"Josimar Maranh√£ozinho";"josimarPL22";"Deputado federal (195.768 votos), presidente do PL no Maranh√£o.";3391;"https://pbs.twimg.com/profile_images/1076513410643300352/BCPc-6RN_normal.jpg";0;"2021-07-08 15:19:50";"2021-07-15 11:02:32"
131574464;"119373950";"J√∫nior Louren√ßo";"junior_lourenco";"Prefeito do Munic√≠pio de Miranda do Norte";54;"https://pbs.twimg.com/profile_images/729670881/jr_lourenco_normal.jpg";0;"2021-07-08 15:19:53";"2021-07-08 15:19:53"
131574465;"2970617333";"Juscelino Filho";"DepJuscelino";"Marido, Pai, M√©dico, Deputado Federal, Presidente do Democratas no Maranh√£o e Presidente do Conselho de √âtica e Decoro Parlamentar da C√¢mara dos Deputados";6216;"https://pbs.twimg.com/profile_images/1375233656747360259/3MMmRryq_normal.jpg";1;"2021-07-08 15:19:56";"2021-07-15 11:02:34"
131574466;"48122425";"M√°rcio Jerry üáßüá∑üáßüá∑";"marciojerry";"Jornalista, Pres do PCdoB/MA, membro do CC; Sec de Cidades e Desenvolvimento Urbano do MA. Dep Federal licenciado. Colinense.";24275;"https://pbs.twimg.com/profile_images/1403361444574400515/QIeEq7Fd_normal.jpg";1;"2021-07-08 15:19:58";"2021-07-15 11:02:35"
131574467;"1063411413845241856";"Marreca Filho";"depmarrecafilho";"Deputado Federal mais jovem do MaranhaÃÉo / Vice-liÃÅder do Patriota na CaÃÇmara / Presidente Patriota-MA";3009;"https://pbs.twimg.com/profile_images/1094641067713019904/pLdrbleb_normal.jpg";0;"2021-07-08 15:20:01";"2021-07-15 11:02:36"
131574468;"1067790946090315776";"Pastor Gil";"pastorgil_";"Pastor ü§µ Deputado Federal (PL/MA)ü§ù Jornalista üì∞";3079;"https://pbs.twimg.com/profile_images/1296226370461278213/Sy5s-Oh5_normal.jpg";0;"2021-07-08 15:20:03";"2021-07-15 11:02:37"
131574469;"1350454263386959872";"PauloMarinhoJr";"PauloMarinhoJr1";"Brasileiro, Casado, Cristao";18;"https://pbs.twimg.com/profile_images/1358190797263417344/uAoWtCDY_normal.jpg";0;"2021-07-08 15:20:06";"2021-07-08 15:20:06"
131574470;"1104120809482866688";"Pedro Lucas Fernandes";"depPedroLucasF";"Administrador; Embaixador da Paz/UPFüåè; Deputado Federal; 2 mandatos de vereador em S√£o Lu√≠s; Apaixonado pelo üáßüá∑MAüê¢üöÄ";1849;"https://pbs.twimg.com/profile_images/1372684592260452352/vtmcUKHa_normal.jpg";0;"2021-07-08 15:20:08";"2021-07-15 11:02:39"
131574471;"1325494376";"Z√© Carlos";"Dep_ZeCarlosPT";"Deputado Federal, Engenheiro Civil e Ex-Superintendente da Caixa no Maranh√£o";5455;"https://pbs.twimg.com/profile_images/1336345908947144704/DSjJuE90_normal.jpg";1;"2021-07-08 15:20:11";"2021-07-15 11:04:02"
131574472;"25577585";"Fl√°vio Dino üáßüá∑";"FlavioDino";"Governador do Maranh√£o. Advogado, mestre em Direito P√∫blico (UFPE) e professor de Direito na UFMA. Foi juiz federal (1994/2006) e deputado federal (2007/2010)";636873;"https://pbs.twimg.com/profile_images/1410999728314236933/Er4jCGj-_normal.jpg";1;"2021-07-08 15:20:13";"2021-07-15 11:02:41"
131574473;"74849428";"Carlos Brand√£o üáßüá∑";"carlosbrandaoma";"M√©dico veterin√°rio ‚óæ Vice-governador do Maranh√£o ‚óæ Presidente do PSDB no MA";6280;"https://pbs.twimg.com/profile_images/1396559637252554756/GOoytBJH_normal.jpg";1;"2021-07-08 15:20:17";"2021-07-15 11:02:42"
131574474;"176832003";"Marcelo Tavares";"DepMarcelo";"";3638;"https://pbs.twimg.com/profile_images/1055810618748481536/1-GWG2tX_normal.jpg";0;"2021-07-08 15:20:20";"2021-07-15 11:02:43"
131574475;"71882668";"Diego Galdino";"GALDINODIEGO";"Administrador e Bacharel em Direito. Soteropolitano de nascen√ßa e ludovicense de cora√ß√£o! Atualmente Secret√°rio de Governo do Maranh√£o!";4494;"https://pbs.twimg.com/profile_images/1150039073651863553/bxA3fyv9_normal.jpg";0;"2021-07-08 15:20:22";"2021-07-15 11:02:44"
131574476;"78714361";"Lene Rodrigues";"joslene65";"";2646;"https://pbs.twimg.com/profile_images/1074486664100278281/LnznNMFP_normal.jpg";0;"2021-07-08 15:20:25";"2021-07-15 11:02:45"
131574477;"139194124";"Rafaela Vidigal";"vidigalzinha";"Jornalista. 
M√£e de Isabela.";1298;"https://pbs.twimg.com/profile_images/1141528507127910401/h9FgcvD0_normal.jpg";0;"2021-07-08 15:20:27";"2021-07-15 11:02:46"
131574478;"863587335757336585";"Rodrigo Maia";"Rmrocha01Maia";"Procurador Geral do Estado do Maranh√£o, Presidente do CONPEG. Professor e Advogado. Mestrando em Direito pela PUC/RS";1398;"https://pbs.twimg.com/profile_images/1324886586165776384/KQzyCPJu_normal.jpg";0;"2021-07-08 15:20:30";"2021-07-15 11:02:47"
131574479;"57906445";"Rubens Jr.";"rubenspereirajr";"Deputado Federal (PCdoB) Maranhense. Crist√£o. Advogado. Mestre em Direito Constitucional. Foi Secret√°rio de Cidades. Atual Secret√°rio de Articula√ß√£o Pol√≠tica-MA";21051;"https://pbs.twimg.com/profile_images/1349788323192123393/63sYIefR_normal.jpg";1;"2021-07-08 15:20:32";"2021-07-15 11:02:48"
131574480;"717744189774151680";"Marcos Pacheco";"MarcosAPacheco_";"Secret√°rio de Pol√≠ticas P√∫blicas do Governo do Maranh√£o.M√©dico sanitarista, bacharel em direito e professor universit√°rio.Mestre e doutor em Pol√≠ticas P√∫blicas.";2389;"https://pbs.twimg.com/profile_images/1392243595684556804/VRxEYb4l_normal.jpg";0;"2021-07-08 15:20:35";"2021-07-15 11:02:49"
131574481;"140669124";"Cynthia Mota";"cynthiamota71";"Secret√°ria de Planejamento e Or√ßamento do Governo do Maranhao. filha, esposa, m√£e,";1350;"https://pbs.twimg.com/profile_images/1298386839963930625/joyyNz4e_normal.jpg";0;"2021-07-08 15:20:38";"2021-07-15 11:02:50"
131574482;"429751053";"Jefferson Portela";"jeffersportela";"Secret√°rio de Seguran√ßa do GOV do MA desde 2015 #SSPMa , Especialista em Criminologia, Ex Delegado Geral, Professor e Flamenguista";3265;"https://pbs.twimg.com/profile_images/1385012793489952774/-Y0CyTbX_normal.jpg";0;"2021-07-08 15:20:40";"2021-07-15 11:02:51"
131574483;"164696186";"Chico Gon√ßalves";"xicogoncalves";"Professor da Universidade Federal do Maranh√£o (UFMA) e Secret√°rio de Estado de Direitos Humanos e Participa√ß√£o Popular (SEDIHPOP).";5416;"https://pbs.twimg.com/profile_images/1403815450643927041/pcg2uDIw_normal.jpg";0;"2021-07-08 15:20:43";"2021-07-15 11:02:52"
131574484;"179650596";"Tatiana Pereira";"Tati_ativista";"Engenheira de pesca, Especialista em Eng. Sanit√°ria, Mestre em sustentabilidade de ecossistemas. Comit√™ municipal do PCdoB. Secret√°ria de Estado de Juventude";2209;"https://pbs.twimg.com/profile_images/1376656059306278913/JZoCd2NG_normal.jpg";0;"2021-07-08 15:20:45";"2021-07-15 11:02:53"
131574485;"264391266";"Catul√© J√∫nior";"catulejr";"";520;"https://pbs.twimg.com/profile_images/1150060846229446656/iK49ZSsg_normal.jpg";0;"2021-07-08 15:20:48";"2021-07-15 11:02:54"
131574486;"48515258";"davitelles üáßüá∑";"davitelles";"Advogado, professor e militante da luta social. Mestre em Direito pela Universidade Sorbonne - Paris. Secret√°rio da Ci√™ncia, Tecnologia e Inova√ß√£o do MA.";3586;"https://pbs.twimg.com/profile_images/1377019080306262023/8pTY0QqU_normal.jpg";0;"2021-07-08 15:20:51";"2021-07-15 11:02:55"
131574487;"3181396187";"Felipe Camar√£oü¶ê";"FelipeCCamarao";"Professor. Procurador Federal. Mestre em Direito. Doutorando. Secretario de Educa√ß√£o do MA e Presidente da FMR.";21239;"https://pbs.twimg.com/profile_images/1414958455669075982/UOzuq6Rf_normal.jpg";1;"2021-07-08 15:20:53";"2021-07-15 11:02:56"
131574488;"2900528733";"Clayton Noleto";"claytonoleto";"Administrador de empresas, atual secret√°rio de estado da Infraestrutura";7855;"https://pbs.twimg.com/profile_images/1394357997644795906/RxfbFFQG_normal.jpg";0;"2021-07-08 15:20:56";"2021-07-15 11:02:57"
131574489;"1267667511895633921";"Diego Rolim";"DiegoRolim11";"- Advogado                            - Atual Secret√°rio de Estado do Meio Ambiente e Recursos Naturais";216;"https://pbs.twimg.com/profile_images/1270297590203068416/TiUGDrff_normal.jpg";0;"2021-07-08 15:20:59";"2021-07-15 11:02:58"
131574490;"176269387";"Nayra Monteiro üáßüá∑üíö";"nayra_monteiro";"Advogada. Atualmente Secret√°ria de Estado da Mulher no Maranh√£o e Presidente do Conselho Estadual da Mulher.";105;"https://pbs.twimg.com/profile_images/1095404041922928640/1iMnFt0e_normal.jpg";0;"2021-07-08 15:21:01";"2021-07-08 15:21:01"
131574491;"58538668";"Carlos Eduardo Lula";"carloselula";"Secret√°rio de Sa√∫de do Estado do Maranh√£o. Advogado. Professor. Presidente do Conselho Nacional de Secret√°rios de Sa√∫de @conassoficial / Instagram @carloselula";23806;"https://pbs.twimg.com/profile_images/1386446617125982209/8piVIXDC_normal.jpg";0;"2021-07-08 15:21:04";"2021-07-15 11:03:00"
131574492;"626138471";"S√©rgio Delmiro";"sergiodelmiro";"Secret√°rio de Estado da Agricultura, Pecu√°ria e Pesca do Maranh√£o. Engenheiro Agr√¥nomo. Esposo de Franciane Delmiro. Pai de Samuel e Lucas.";352;"https://pbs.twimg.com/profile_images/1399032640385265672/ziNOXnHe_normal.jpg";0;"2021-07-08 15:21:06";"2021-07-15 11:03:01"
131574493;"55152459";"Rodrigo Lago";"RodLago";"Secret√°rio de Estado da Agricultura Familiar do MA, ex-Comunica√ß√£o e Assuntos Pol√≠ticos, Casa Civil e Transpar√™ncia do Maranh√£o. Ex-Conselheiro Federal OAB.";35156;"https://pbs.twimg.com/profile_images/1369974759526719490/YEhmCWFd_normal.jpg";1;"2021-07-08 15:21:09";"2021-07-15 11:03:02"
131574494;"3294107902";"M√°rcio Honaiser";"Marcio_Honaiser";"üíº Dep. Estadual üìåSec. da @sedesgovma ‚úäüèºüåπ32 anos de PDT üë©‚Äç‚ù§Ô∏è‚Äçüë® Casado com Ge√≠se ‚ù§Ô∏è Pai do J. Guilherme, Ma. Carolina e Ma. Helena";2470;"https://pbs.twimg.com/profile_images/1413596496172306435/l-sxu5Ll_normal.jpg";0;"2021-07-08 15:21:11";"2021-07-15 11:03:03"
131574495;"33014349";"Simpl√≠cio Ara√∫jo";"SimplicioAraujo";"Analista de Sistemas, Presidente do Solidariedade Maranh√£o, Deputado Federal, Secret√°rio de Industria, Com√©rcio e Energia do Maranh√£o.";5657;"https://pbs.twimg.com/profile_images/1395026107712348163/mYEFPXpr_normal.jpg";0;"2021-07-08 15:21:14";"2021-07-15 11:01:52"
131574496;"3084916883";"Rog√©rio Cafeteira";"depcafeteira";"Secret√°rio do Esporte e Lazer do Estado do Maranh√£o / Dep. Estadual de 2011 a 2019. FB: https://t.co/4IgIAvFQ4H IG: @rogeriocafeteira";6202;"https://pbs.twimg.com/profile_images/1243755979390492673/OMRCdnrg_normal.jpg";0;"2021-07-08 15:21:16";"2021-07-13 23:59:07"
131574497;"153563550";"Ricardo Cappelli";"RicardoCappelli";"Secret√°rio de Comunica√ß√£o do Governo do Maranh√£o. Jornalista, P√≥s Graduado em Administra√ß√£o P√∫blica pela FGV.";4475;"https://pbs.twimg.com/profile_images/1282806169493557251/udR6PQQV_normal.jpg";0;"2021-07-08 15:21:19";"2021-07-15 11:03:06"
131574498;"218355933";"Jowberth Alves";"jowberthsalvess";"Pai. Soci√≥logo. Petista. Atual Secret√°rio de Estado do Trabalho e da Economia Solid√°ria do Maranh√£o e Presidente do Conselho Estadual do Trabalho.";276;"https://pbs.twimg.com/profile_images/1347198167754956803/oiOxIyD9_normal.jpg";1;"2021-07-08 15:21:22";"2021-07-13 23:59:07"
131574499;"27166575";"Ted Lago";"tedlago";"";1372;"https://pbs.twimg.com/profile_images/1362556907773452300/TBl2vb1I_normal.jpg";0;"2021-07-08 15:21:24";"2021-07-15 11:03:08"
131574500;"256661112";"Marcos Grande";"marcosgrande1";"Presidente da Empresa Maranhense de Servi√ßos Hospitalares - Emserh.";245;"https://pbs.twimg.com/profile_images/1397571058446880769/3NQuPRyl_normal.jpg";0;"2021-07-08 15:21:27";"2021-07-08 15:21:27"
131574501;"823535524610797569";"Fabiola Ewerton";"fabiolaewerton";"Viver no mundo, para colher na eternidade...";367;"https://pbs.twimg.com/profile_images/1100220363445846016/hHebizd9_normal.jpg";0;"2021-07-08 15:21:29";"2021-07-10 11:55:01"
131574502;"292023005";"J√∫lio C√©sar Mendon√ßa";"julioc_mendonca";"Presidente da @AgerpMA e M√©dico Veterin√°rio. Exerceu o cargo de Secret√°rio de Estado da Agricultura Familiar.";572;"https://pbs.twimg.com/profile_images/1300912639367933955/MGKSIrP__normal.jpg";0;"2021-07-08 15:21:32";"2021-07-13 23:59:07"
131574503;"98934540";"Francisco Nagib";"fconagib";"DIRETOR GERAL DETRAN-MA    EX PREFEITO DE COD√ì-MA Empres√°rio e pol√≠tico maranhense. Vice-presidente  FC OLIVEIRA cheio de projetos para o Maranh√£o e o Brasil.";571;"https://pbs.twimg.com/profile_images/1372712571606818817/mxmEfSzM_normal.jpg";0;"2021-07-08 15:21:35";"2021-07-13 23:59:07"
131574504;"149115340";"ALEX OLIVEIRA";"alexoliveirr";"Reitor do Instituto Estadual de Educa√ß√£o Ci√™ncia e Tecnologia do Maranh√£o. Prof.da UEMA. Doutor em Urbanismo pela Universidade de Paris-Est. Ex-Pres FAPEMA.";2018;"https://pbs.twimg.com/profile_images/1365437876868161540/K9HM8elR_normal.jpg";0;"2021-07-08 15:21:37";"2021-07-14 11:27:15"
131574505;"54627754";"Gilberto L√©da";"gilbertoleda";"Sou blogueiro pq me formei jornalista, n√£o o contr√°rio! Egresso da UFMA, Rep√≥rter de Pol√≠tica do jornal @OEstadoMA
.
https://t.co/2sFyJIsZ6Z";11129;"https://pbs.twimg.com/profile_images/1373398121288450049/MGyWpubp_normal.jpg";0;"2021-07-08 15:21:40";"2021-07-15 11:03:14"
131574506;"1226849278087352320";"Blog Marrapa";"marrapanarede";"";274;"https://pbs.twimg.com/profile_images/1297979816973684737/SKXFvbWU_normal.jpg";0;"2021-07-08 15:21:43";"2021-07-15 11:03:15"
131574507;"46927498";"John Cutrim";"JohnCutrim";"Crist√£o. Comentarista Pol√≠tico da TV Difusora (SBT) e r√°dio Difusora 94,3 FM. Editor no Jornal Pequeno de um dos blogs mais acessados do Nordeste.";12572;"https://pbs.twimg.com/profile_images/1178736010458517505/ht-vaMGc_normal.jpg";0;"2021-07-08 15:21:45";"2021-07-15 11:03:16"
131574508;"44251759";"DIEGO EMIR";"diegoemir";"Jornalista. Eterno aprendiz. Apresentador e comentarista da r√°dio Nova FM 93.1. Titular do blog https://t.co/NhtX6R9ssG. Editor da revista Maranh√£o Hoje";7342;"https://pbs.twimg.com/profile_images/1341394993743839246/K2JLW4AP_normal.jpg";0;"2021-07-08 15:21:48";"2021-07-15 11:03:17"
131574509;"60053376";"Clodoaldo Corr√™a";"clodoaldocorrea";"Jornalista Pol√≠tico";4367;"https://pbs.twimg.com/profile_images/1269114609824411649/V7csmYIS_normal.jpg";0;"2021-07-08 15:21:50";"2021-07-15 11:03:18"
131574510;"24761253";"Joaquim Haickel";"joaquimhaickel";"Escritor, Cineasta... Fica complicado nos apresentarmos em t√£o pouco espa√ßo! Melhores informa√ß√µes a meu respeito no link https://t.co/2fNbI0nzaQ‚Ä¶";5276;"https://pbs.twimg.com/profile_images/512061531475804160/bJuwbVgM_normal.jpeg";0;"2021-07-08 15:21:53";"2021-07-15 11:03:19"
131574511;"116751115";"Adelmo Soares";"adelmosoares65";"Deputado Estadual eleito e
ex-Secret√°rio de Estado da Agricultura Familiar do Maranh√£o. Odont√≥logo, esposo, pai e av√¥ da Isadora! #PlanteEssaIdeia‚†Ä‚†Ä‚†Ä‚†Ä‚†Ä‚†Ä‚†Ä‚†Ä‚†Ä‚†Ä";2498;"https://pbs.twimg.com/profile_images/1100406059334680576/u8UdhTOW_normal.png";0;"2021-07-08 15:27:18";"2021-07-15 11:01:54"
131574512;"794866608";"Adriano Sarney üíö";"AdrianoSarney";"Deputado Estadual. Economista. Ativista contra o preconceito";3951;"https://pbs.twimg.com/profile_images/1331295451866423297/ObgEQ6Cu_normal.jpg";0;"2021-07-08 15:27:21";"2021-07-15 11:01:55"
131574513;"2583179096";"Ana do G√°s";"anadogasoficial";"Deputada Estadual do Maranh√£o (PCdoB).";874;"https://pbs.twimg.com/profile_images/1149754754098192385/HNRKY0Xd_normal.png";0;"2021-07-08 15:27:23";"2021-07-15 11:01:56"
131574514;"1093329310579154944";"Arnaldo Melo";"ArnaldoMelo12";"M√©dico e deputado estadual pelo Maranh√£o no 7¬∫ mandato. O MARANH√ÉO CONHECE E CONFIA!";123;"https://pbs.twimg.com/profile_images/1093330038500540416/qrOzfTeb_normal.jpg";0;"2021-07-08 15:27:26";"2021-07-08 15:27:26"
131574515;"1025103133981257728";"Deputado Carlinhos Flor√™ncio";"DepCarlinhosMA";"Deputado Estadual no Maranh√£o";50;"https://pbs.twimg.com/profile_images/1137576651183837185/2CSMKgiq_normal.png";0;"2021-07-08 15:27:29";"2021-07-13 23:59:07"
131574516;"2773697022";"C√©sar Pires";"DepCesarPires";"";47;"https://pbs.twimg.com/profile_images/505741180881997824/xKRLEjCN_normal.png";0;"2021-07-08 15:27:31";"2021-07-08 15:27:31"
131574517;"1909765362";"Deputado Ciro Neto";"cironeton";"";165;"https://pbs.twimg.com/profile_images/1382442926614134789/XGwZADyi_normal.jpg";0;"2021-07-08 15:27:34";"2021-07-08 15:27:34"
131574518;"1086232379482689536";"Dra. Cleide Coutinho";"Dep_CleideC";"M√©dica h√° 48 anos; Deputada Estadual (PDT); Empres√°ria cuidando da Sa√∫de de Caxias e Regi√£o; Esposa de Humberto Coutinho, com quem constru√≠ uma fam√≠lia linda";286;"https://pbs.twimg.com/profile_images/1086235698741633025/73OswJTO_normal.jpg";0;"2021-07-08 15:27:36";"2021-07-08 15:27:36"
131574519;"1118481835376431104";"Daniella Tema";"DaniellaTema";"Deputada estadual do Maranh√£o (DEM), eleita com 40.541 votos. Natural de Presidente Dutra, Regi√£o Central do Maranh√£o.";562;"https://pbs.twimg.com/profile_images/1319287003892994055/lDNErnVa_normal.jpg";0;"2021-07-08 15:27:39";"2021-07-15 11:02:06"
131574520;"1095733666003800064";"Detinha";"detinhaslz";"Deputada estadual mais votada em 2018 üôèüèº M√£e, casada e apaixonada pelo Maranh√£o üíô Assistente social";287;"https://pbs.twimg.com/profile_images/1253469248854396929/QPh9X6Mv_normal.jpg";0;"2021-07-08 15:27:41";"2021-07-15 11:02:07"
131574521;"632737286";"Helena Duailibe";"helenaduailibe_";"Deputada Estadual e Procuradora da Mulher (Alema)";1045;"https://pbs.twimg.com/profile_images/1362099798065766406/i6tZIowV_normal.jpg";0;"2021-07-08 15:27:44";"2021-07-12 17:24:03"
131574522;"1095138301844033537";"Dra. Thaiza Hortegal";"ThaizaHortegal";"Deputada Estadual no MA, m√©dica esteticista e m√£e dos pequenos Jo√£o e Esther!";478;"https://pbs.twimg.com/profile_images/1344284475484753921/OQPVRVFL_normal.jpg";0;"2021-07-08 15:27:47";"2021-07-13 23:59:07"
131574523;"63508635";"Duarte Jr";"DuarteJr_";"üèÜDeputado mais votado da hist√≥ria de S√£o Lu√≠s üìöProfessor e Advogado üìåFoi Presidente do PROCON üéìMestre em Pol√≠ticas P√∫blicas UFMA üéìDoutorando em Direito";19179;"https://pbs.twimg.com/profile_images/1406813817686925312/8j6txwjo_normal.jpg";1;"2021-07-08 15:27:49";"2021-07-15 11:01:48"
131574524;"2793462577";"Edivaldo Holanda";"HolandaEdivaldo";"Advogado inscrito na (OAB-MA n¬∞2134), Deputado Estadual, graduado em Administra√ß√£o P√∫blica Governamental pela  University of Coral Gables - EUA.";1620;"https://pbs.twimg.com/profile_images/1213197526037356544/n52xqwiw_normal.jpg";0;"2021-07-08 15:27:52";"2021-07-15 11:02:11"
131574525;"231407772";"Dep. Glalbert Cutrim";"glalbertcutrim";"Deputado Estadual e Empres√°rio";895;"https://pbs.twimg.com/profile_images/1133358704793927680/mcVmL90f_normal.png";0;"2021-07-08 15:27:54";"2021-07-10 11:55:01"
131574526;"167968053";"Dep. Marcos Caldas";"depmarcoscaldas";"";45;"https://pbs.twimg.com/profile_images/1081264480/foto_twitter_normal.jpg";0;"2021-07-08 15:27:57";"2021-07-08 15:27:57"
131574527;"1177021738053525504";"Mical Damasceno";"micaldamasceno";"Administradora, Deputada Estadual no Maranh√£o (PTB) Em defesa da fam√≠lia "Porque vivemos por f√©, e n√£o pelo que vemos". 2¬∞Co 5:7";199;"https://pbs.twimg.com/profile_images/1414935872458399747/NUnT0HUj_normal.jpg";0;"2021-07-08 15:27:59";"2021-07-15 11:02:14"
131574528;"795228290";"FC Neto Evangelista ";"FCNetoE";"Amo Neto Evangelista... Sou f√£ dele dona do FC √© @SampaioThallyta... Fc criado dia 01/09/12 s2 e reconhecido pela #EquipeCastelo45 no dia 01/09/12";32;"https://pbs.twimg.com/profile_images/2564451344/v8k63tl5wjnsj8q450p4_normal.jpeg";0;"2021-07-08 15:28:02";"2021-07-08 15:28:02"
131574529;"583377940";"Othelino Neto";"OthelinoN";"Presidente da Assembleia Legislativa do Maranh√£o, casado, pai, jornalista, economista, p√≥s-graduado em Marketing Pol√≠tico. Auditor do TCE-MA.Dep Est p/ PCdoB";7993;"https://pbs.twimg.com/profile_images/1176706269421408257/hCRlBgEJ_normal.jpg";0;"2021-07-08 15:28:05";"2021-07-15 11:02:16"
131574530;"2317252641";"Rafael Leitoa";"DepRafaelleitoa";"Deputado Estadual e L√≠der do Governo Fl√°vio Dino na Assembleia.
Intagram: @rafaelleitoadep
https://t.co/ARunSG46gO";1455;"https://pbs.twimg.com/profile_images/1374426191810027529/Z-TV7GZE_normal.jpg";0;"2021-07-08 15:28:08";"2021-07-15 11:02:17"
131574531;"179147542";"Rildo  Amaral";"Rildoamaral";"Filho apaixonado de Imperatriz, amante do esporte, formado em Administra√ß√£o de Empresas na Uema, professor de educa√ß√£o f√≠sica, aluno de Geografia e vereador!";242;"https://pbs.twimg.com/profile_images/378800000598665986/ccbf37c8420fed224371e460d9567c75_normal.jpeg";0;"2021-07-08 15:28:10";"2021-07-08 15:28:10"
131574532;"323263308";"Roberto Costa";"robertocostama_";"Administrador | Deputado Estadual (MDB-MA)
Vice-presidente da Alema | Atleta";1617;"https://pbs.twimg.com/profile_images/1278035061074464769/8KvMWBLM_normal.png";0;"2021-07-08 15:28:13";"2021-07-15 11:02:19"
131574533;"133284193";"Socorro Waquim";"SocorroWaquim";"";84;"https://pbs.twimg.com/profile_images/825142221/PEDRO_PATRICIO__414__normal.JPG";0;"2021-07-08 15:28:15";"2021-07-08 15:28:15"
131574534;"140480459";"Wellington do Curso";"SouWellington__";"Ex-Sargento do Ex√©rcito, Professor e fundador do @cursowellington, Deputado Estadual reeleito pelo VOTO CONSCIENTE. Pr√©-candidato a prefeito de SaoLuis ‚ù§Ô∏è";40543;"https://pbs.twimg.com/profile_images/1291720939810455552/fL-S_ESY_normal.jpg";0;"2021-07-08 15:28:17";"2021-07-14 11:26:23"
131574535;"1576755078";"Ygl√©sio Moyses";"yglesiomoyses";"Aquele do Socorr√£o 1 que faz Medicina pra cuidar das pessoas, Direito pra defender quem precisa e Pol√≠tica pra consertar as coisas. Deputado Estadual/MA.";3297;"https://pbs.twimg.com/profile_images/1401219804720250880/540fdBFR_normal.jpg";0;"2021-07-08 15:28:20";"2021-07-15 11:02:22"
131574536;"2654800357";"Aluisio Mendes";"AluisioMendesMA";"Deputado Federal pelo estado do Maranh√£o.";3978;"https://pbs.twimg.com/profile_images/1401909430975881224/HZZ_87td_normal.jpg";0;"2021-07-08 15:28:23";"2021-07-15 11:02:23"
131574537;"3254270357";"Andr√© Fufuca";"DepAndreFufuca";"M√©dico, iniciou sua carreira pol√≠tica em 2010, elegendo-se o deputado estadual mais novo do Brasil. Atualmente exerce seu 2¬∫ mandato de deputado federal.";2559;"https://pbs.twimg.com/profile_images/1354455446111846401/vNc3bfx5_normal.jpg";0;"2021-07-08 15:28:25";"2021-07-15 11:02:24"
131574538;"137548563";"Bira do Pindar√©";"BiradoPindare";"Dep Federal.Banc√°rio,professor,advogado e mestre em Pol√≠ticasP√∫blicas. Foi presi do Sind Banc√°rios,Delegado do Trabalho,Sec Ci√™ncia Tecnologia Dep Estadual (2x)";12932;"https://pbs.twimg.com/profile_images/1323614941140701184/dXlI5HPE_normal.jpg";1;"2021-07-08 15:28:28";"2021-07-15 11:02:25"
131574539;"3092387621";"Cleber Verde";"CleberVerde10";"Dois mandatos de vereador de S√£o Luis - MA, indo para o 4¬∫ mandato de Deputado Federal. Funcion√°rio p√∫blico licenciado, advogado, empres√°rio, e escritor.";1420;"https://pbs.twimg.com/profile_images/1057802512701554688/17rxeYJe_normal.jpg";0;"2021-07-08 15:28:30";"2021-07-15 11:02:26"
131574540;"1113965533542719488";"Edilazio Junior";"EdilazioJunior_";"Casado/Pai de 3 filhos e uma filha Advogado - Deputado Federal do Maranh√£o e Presidente Estadual do PSD";1482;"https://pbs.twimg.com/profile_images/1290276116796780545/ZMK5xQOe_normal.jpg";0;"2021-07-08 15:28:33";"2021-07-15 11:02:27"
131574541;"25311569";"Gast√£o Vieira";"gastaodvieira";"üí¨ Deputado federal no 6¬∫ mandato 
‚öñ Advogado
üõ´ Ex-ministro do Turismo 
üìö Ex-presidente do FNDE
üë®‚Äçüè´ Ex-secret√°rio de Estado da Educa√ß√£o";2095;"https://pbs.twimg.com/profile_images/1357111475073146880/XeEQCyaU_normal.jpg";1;"2021-07-08 15:28:35";"2021-07-13 23:59:07"
131574542;"163165805";"Gil Cutrim";"gilcutrim";"Deputado Federal - MA | Republicanos, casado, advogado, pai de dois filhos, ex-prefeito de S√£o Jos√© de Ribamar-MA, ex-presidente da FAMEM";1508;"https://pbs.twimg.com/profile_images/1358065786007531520/sySTbB3S_normal.jpg";0;"2021-07-08 15:28:38";"2021-07-15 11:02:29"
131574543;"97445850";"Hildo Rocha";"RochaHildorocha";"Deputado Federal, administrador, j√° foi vereador e prefeito de Cantanhede/MA, Secret√°rio de Articula√ß√£o Pol√≠tica e Secret√°rio de Estado das Cidades.";1535;"https://pbs.twimg.com/profile_images/1158720478359539712/WuCfotUi_normal.jpg";0;"2021-07-08 15:28:40";"2021-07-15 11:02:30"
131574544;"1233024544270684161";"Jo√£o Marcelo Souza";"dep_joaomarcelo";"Deputado Federal (MDB-MA). Psic√≥logo. Casado com Wilt√¢nia e pai de Jo√£o Pedro e Lu√≠za.";59;"https://pbs.twimg.com/profile_images/1234931965939286016/OMwxUizA_normal.jpg";0;"2021-07-08 15:28:43";"2021-07-12 17:24:03"
131574545;"948927124316008449";"Josimar Maranh√£ozinho";"josimarPL22";"Deputado federal (195.768 votos), presidente do PL no Maranh√£o.";3391;"https://pbs.twimg.com/profile_images/1076513410643300352/BCPc-6RN_normal.jpg";0;"2021-07-08 15:28:46";"2021-07-15 11:02:32"
131574546;"119373950";"J√∫nior Louren√ßo";"junior_lourenco";"Prefeito do Munic√≠pio de Miranda do Norte";54;"https://pbs.twimg.com/profile_images/729670881/jr_lourenco_normal.jpg";0;"2021-07-08 15:28:48";"2021-07-08 15:28:48"
131574547;"2970617333";"Juscelino Filho";"DepJuscelino";"Marido, Pai, M√©dico, Deputado Federal, Presidente do Democratas no Maranh√£o e Presidente do Conselho de √âtica e Decoro Parlamentar da C√¢mara dos Deputados";6216;"https://pbs.twimg.com/profile_images/1375233656747360259/3MMmRryq_normal.jpg";1;"2021-07-08 15:28:51";"2021-07-15 11:02:34"
131574548;"48122425";"M√°rcio Jerry üáßüá∑üáßüá∑";"marciojerry";"Jornalista, Pres do PCdoB/MA, membro do CC; Sec de Cidades e Desenvolvimento Urbano do MA. Dep Federal licenciado. Colinense.";24275;"https://pbs.twimg.com/profile_images/1403361444574400515/QIeEq7Fd_normal.jpg";1;"2021-07-08 15:28:53";"2021-07-15 11:02:35"
131574549;"1063411413845241856";"Marreca Filho";"depmarrecafilho";"Deputado Federal mais jovem do MaranhaÃÉo / Vice-liÃÅder do Patriota na CaÃÇmara / Presidente Patriota-MA";3009;"https://pbs.twimg.com/profile_images/1094641067713019904/pLdrbleb_normal.jpg";0;"2021-07-08 15:28:56";"2021-07-15 11:02:36"
131574550;"1067790946090315776";"Pastor Gil";"pastorgil_";"Pastor ü§µ Deputado Federal (PL/MA)ü§ù Jornalista üì∞";3079;"https://pbs.twimg.com/profile_images/1296226370461278213/Sy5s-Oh5_normal.jpg";0;"2021-07-08 15:28:58";"2021-07-15 11:02:37"
131574551;"1350454263386959872";"PauloMarinhoJr";"PauloMarinhoJr1";"Brasileiro, Casado, Cristao";18;"https://pbs.twimg.com/profile_images/1358190797263417344/uAoWtCDY_normal.jpg";0;"2021-07-08 15:29:01";"2021-07-08 15:29:01"
131574552;"1104120809482866688";"Pedro Lucas Fernandes";"depPedroLucasF";"Administrador; Embaixador da Paz/UPFüåè; Deputado Federal; 2 mandatos de vereador em S√£o Lu√≠s; Apaixonado pelo üáßüá∑MAüê¢üöÄ";1849;"https://pbs.twimg.com/profile_images/1372684592260452352/vtmcUKHa_normal.jpg";0;"2021-07-08 15:29:04";"2021-07-15 11:02:39"
131574553;"1325494376";"Z√© Carlos";"Dep_ZeCarlosPT";"Deputado Federal, Engenheiro Civil e Ex-Superintendente da Caixa no Maranh√£o";5455;"https://pbs.twimg.com/profile_images/1336345908947144704/DSjJuE90_normal.jpg";1;"2021-07-08 15:29:06";"2021-07-15 11:04:02"
131574554;"25577585";"Fl√°vio Dino üáßüá∑";"FlavioDino";"Governador do Maranh√£o. Advogado, mestre em Direito P√∫blico (UFPE) e professor de Direito na UFMA. Foi juiz federal (1994/2006) e deputado federal (2007/2010)";636873;"https://pbs.twimg.com/profile_images/1410999728314236933/Er4jCGj-_normal.jpg";1;"2021-07-08 15:29:09";"2021-07-15 11:02:41"
131574555;"74849428";"Carlos Brand√£o üáßüá∑";"carlosbrandaoma";"M√©dico veterin√°rio ‚óæ Vice-governador do Maranh√£o ‚óæ Presidente do PSDB no MA";6280;"https://pbs.twimg.com/profile_images/1396559637252554756/GOoytBJH_normal.jpg";1;"2021-07-08 15:29:12";"2021-07-15 11:02:42"
131574556;"176832003";"Marcelo Tavares";"DepMarcelo";"";3638;"https://pbs.twimg.com/profile_images/1055810618748481536/1-GWG2tX_normal.jpg";0;"2021-07-08 15:29:15";"2021-07-15 11:02:43"
131574557;"71882668";"Diego Galdino";"GALDINODIEGO";"Administrador e Bacharel em Direito. Soteropolitano de nascen√ßa e ludovicense de cora√ß√£o! Atualmente Secret√°rio de Governo do Maranh√£o!";4494;"https://pbs.twimg.com/profile_images/1150039073651863553/bxA3fyv9_normal.jpg";0;"2021-07-08 15:29:17";"2021-07-15 11:02:44"
131574558;"78714361";"Lene Rodrigues";"joslene65";"";2646;"https://pbs.twimg.com/profile_images/1074486664100278281/LnznNMFP_normal.jpg";0;"2021-07-08 15:29:20";"2021-07-15 11:02:45"
131574559;"139194124";"Rafaela Vidigal";"vidigalzinha";"Jornalista. 
M√£e de Isabela.";1298;"https://pbs.twimg.com/profile_images/1141528507127910401/h9FgcvD0_normal.jpg";0;"2021-07-08 15:29:23";"2021-07-15 11:02:46"
131574560;"863587335757336585";"Rodrigo Maia";"Rmrocha01Maia";"Procurador Geral do Estado do Maranh√£o, Presidente do CONPEG. Professor e Advogado. Mestrando em Direito pela PUC/RS";1398;"https://pbs.twimg.com/profile_images/1324886586165776384/KQzyCPJu_normal.jpg";0;"2021-07-08 15:29:25";"2021-07-15 11:02:47"
131574561;"57906445";"Rubens Jr.";"rubenspereirajr";"Deputado Federal (PCdoB) Maranhense. Crist√£o. Advogado. Mestre em Direito Constitucional. Foi Secret√°rio de Cidades. Atual Secret√°rio de Articula√ß√£o Pol√≠tica-MA";21051;"https://pbs.twimg.com/profile_images/1349788323192123393/63sYIefR_normal.jpg";1;"2021-07-08 15:29:28";"2021-07-15 11:02:48"
131574562;"717744189774151680";"Marcos Pacheco";"MarcosAPacheco_";"Secret√°rio de Pol√≠ticas P√∫blicas do Governo do Maranh√£o.M√©dico sanitarista, bacharel em direito e professor universit√°rio.Mestre e doutor em Pol√≠ticas P√∫blicas.";2389;"https://pbs.twimg.com/profile_images/1392243595684556804/VRxEYb4l_normal.jpg";0;"2021-07-08 15:29:30";"2021-07-15 11:02:49"
131574563;"140669124";"Cynthia Mota";"cynthiamota71";"Secret√°ria de Planejamento e Or√ßamento do Governo do Maranhao. filha, esposa, m√£e,";1350;"https://pbs.twimg.com/profile_images/1298386839963930625/joyyNz4e_normal.jpg";0;"2021-07-08 15:29:33";"2021-07-15 11:02:50"
131574564;"429751053";"Jefferson Portela";"jeffersportela";"Secret√°rio de Seguran√ßa do GOV do MA desde 2015 #SSPMa , Especialista em Criminologia, Ex Delegado Geral, Professor e Flamenguista";3265;"https://pbs.twimg.com/profile_images/1385012793489952774/-Y0CyTbX_normal.jpg";0;"2021-07-08 15:29:35";"2021-07-15 11:02:51"
131574565;"164696186";"Chico Gon√ßalves";"xicogoncalves";"Professor da Universidade Federal do Maranh√£o (UFMA) e Secret√°rio de Estado de Direitos Humanos e Participa√ß√£o Popular (SEDIHPOP).";5416;"https://pbs.twimg.com/profile_images/1403815450643927041/pcg2uDIw_normal.jpg";0;"2021-07-08 15:29:38";"2021-07-15 11:02:52"
131574566;"179650596";"Tatiana Pereira";"Tati_ativista";"Engenheira de pesca, Especialista em Eng. Sanit√°ria, Mestre em sustentabilidade de ecossistemas. Comit√™ municipal do PCdoB. Secret√°ria de Estado de Juventude";2209;"https://pbs.twimg.com/profile_images/1376656059306278913/JZoCd2NG_normal.jpg";0;"2021-07-08 15:29:40";"2021-07-15 11:02:53"
131574567;"264391266";"Catul√© J√∫nior";"catulejr";"";520;"https://pbs.twimg.com/profile_images/1150060846229446656/iK49ZSsg_normal.jpg";0;"2021-07-08 15:29:43";"2021-07-15 11:02:54"
131574568;"48515258";"davitelles üáßüá∑";"davitelles";"Advogado, professor e militante da luta social. Mestre em Direito pela Universidade Sorbonne - Paris. Secret√°rio da Ci√™ncia, Tecnologia e Inova√ß√£o do MA.";3586;"https://pbs.twimg.com/profile_images/1377019080306262023/8pTY0QqU_normal.jpg";0;"2021-07-08 15:29:46";"2021-07-15 11:02:55"
131574569;"3181396187";"Felipe Camar√£oü¶ê";"FelipeCCamarao";"Professor. Procurador Federal. Mestre em Direito. Doutorando. Secretario de Educa√ß√£o do MA e Presidente da FMR.";21239;"https://pbs.twimg.com/profile_images/1414958455669075982/UOzuq6Rf_normal.jpg";1;"2021-07-08 15:29:48";"2021-07-15 11:02:56"
131574570;"2900528733";"Clayton Noleto";"claytonoleto";"Administrador de empresas, atual secret√°rio de estado da Infraestrutura";7855;"https://pbs.twimg.com/profile_images/1394357997644795906/RxfbFFQG_normal.jpg";0;"2021-07-08 15:29:51";"2021-07-15 11:02:57"
131574571;"1267667511895633921";"Diego Rolim";"DiegoRolim11";"- Advogado                            - Atual Secret√°rio de Estado do Meio Ambiente e Recursos Naturais";216;"https://pbs.twimg.com/profile_images/1270297590203068416/TiUGDrff_normal.jpg";0;"2021-07-08 15:29:53";"2021-07-15 11:02:58"
131574572;"176269387";"Nayra Monteiro üáßüá∑üíö";"nayra_monteiro";"Advogada. Atualmente Secret√°ria de Estado da Mulher no Maranh√£o e Presidente do Conselho Estadual da Mulher.";105;"https://pbs.twimg.com/profile_images/1095404041922928640/1iMnFt0e_normal.jpg";0;"2021-07-08 15:29:56";"2021-07-08 15:29:56"
131574573;"58538668";"Carlos Eduardo Lula";"carloselula";"Secret√°rio de Sa√∫de do Estado do Maranh√£o. Advogado. Professor. Presidente do Conselho Nacional de Secret√°rios de Sa√∫de @conassoficial / Instagram @carloselula";23806;"https://pbs.twimg.com/profile_images/1386446617125982209/8piVIXDC_normal.jpg";0;"2021-07-08 15:29:58";"2021-07-15 11:03:00"
131574574;"626138471";"S√©rgio Delmiro";"sergiodelmiro";"Secret√°rio de Estado da Agricultura, Pecu√°ria e Pesca do Maranh√£o. Engenheiro Agr√¥nomo. Esposo de Franciane Delmiro. Pai de Samuel e Lucas.";352;"https://pbs.twimg.com/profile_images/1399032640385265672/ziNOXnHe_normal.jpg";0;"2021-07-08 15:30:01";"2021-07-15 11:03:01"
131574575;"55152459";"Rodrigo Lago";"RodLago";"Secret√°rio de Estado da Agricultura Familiar do MA, ex-Comunica√ß√£o e Assuntos Pol√≠ticos, Casa Civil e Transpar√™ncia do Maranh√£o. Ex-Conselheiro Federal OAB.";35156;"https://pbs.twimg.com/profile_images/1369974759526719490/YEhmCWFd_normal.jpg";1;"2021-07-08 15:30:03";"2021-07-15 11:03:02"
131574576;"3294107902";"M√°rcio Honaiser";"Marcio_Honaiser";"üíº Dep. Estadual üìåSec. da @sedesgovma ‚úäüèºüåπ32 anos de PDT üë©‚Äç‚ù§Ô∏è‚Äçüë® Casado com Ge√≠se ‚ù§Ô∏è Pai do J. Guilherme, Ma. Carolina e Ma. Helena";2470;"https://pbs.twimg.com/profile_images/1413596496172306435/l-sxu5Ll_normal.jpg";0;"2021-07-08 15:30:06";"2021-07-15 11:03:03"
131574577;"33014349";"Simpl√≠cio Ara√∫jo";"SimplicioAraujo";"Analista de Sistemas, Presidente do Solidariedade Maranh√£o, Deputado Federal, Secret√°rio de Industria, Com√©rcio e Energia do Maranh√£o.";5657;"https://pbs.twimg.com/profile_images/1395026107712348163/mYEFPXpr_normal.jpg";0;"2021-07-08 15:30:09";"2021-07-15 11:01:52"
131574578;"3084916883";"Rog√©rio Cafeteira";"depcafeteira";"Secret√°rio do Esporte e Lazer do Estado do Maranh√£o / Dep. Estadual de 2011 a 2019. FB: https://t.co/4IgIAvFQ4H IG: @rogeriocafeteira";6202;"https://pbs.twimg.com/profile_images/1243755979390492673/OMRCdnrg_normal.jpg";0;"2021-07-08 15:30:11";"2021-07-13 23:59:07"
131574579;"153563550";"Ricardo Cappelli";"RicardoCappelli";"Secret√°rio de Comunica√ß√£o do Governo do Maranh√£o. Jornalista, P√≥s Graduado em Administra√ß√£o P√∫blica pela FGV.";4475;"https://pbs.twimg.com/profile_images/1282806169493557251/udR6PQQV_normal.jpg";0;"2021-07-08 15:30:14";"2021-07-15 11:03:06"
131574580;"218355933";"Jowberth Alves";"jowberthsalvess";"Pai. Soci√≥logo. Petista. Atual Secret√°rio de Estado do Trabalho e da Economia Solid√°ria do Maranh√£o e Presidente do Conselho Estadual do Trabalho.";276;"https://pbs.twimg.com/profile_images/1347198167754956803/oiOxIyD9_normal.jpg";1;"2021-07-08 15:30:16";"2021-07-13 23:59:07"
131574581;"27166575";"Ted Lago";"tedlago";"";1372;"https://pbs.twimg.com/profile_images/1362556907773452300/TBl2vb1I_normal.jpg";0;"2021-07-08 15:30:19";"2021-07-15 11:03:08"
131574582;"256661112";"Marcos Grande";"marcosgrande1";"Presidente da Empresa Maranhense de Servi√ßos Hospitalares - Emserh.";245;"https://pbs.twimg.com/profile_images/1397571058446880769/3NQuPRyl_normal.jpg";0;"2021-07-08 15:30:22";"2021-07-08 15:30:22"
131574583;"823535524610797569";"Fabiola Ewerton";"fabiolaewerton";"Viver no mundo, para colher na eternidade...";367;"https://pbs.twimg.com/profile_images/1100220363445846016/hHebizd9_normal.jpg";0;"2021-07-08 15:30:24";"2021-07-10 11:55:01"
131574584;"292023005";"J√∫lio C√©sar Mendon√ßa";"julioc_mendonca";"Presidente da @AgerpMA e M√©dico Veterin√°rio. Exerceu o cargo de Secret√°rio de Estado da Agricultura Familiar.";572;"https://pbs.twimg.com/profile_images/1300912639367933955/MGKSIrP__normal.jpg";0;"2021-07-08 15:30:27";"2021-07-13 23:59:07"
131574585;"98934540";"Francisco Nagib";"fconagib";"DIRETOR GERAL DETRAN-MA    EX PREFEITO DE COD√ì-MA Empres√°rio e pol√≠tico maranhense. Vice-presidente  FC OLIVEIRA cheio de projetos para o Maranh√£o e o Brasil.";571;"https://pbs.twimg.com/profile_images/1372712571606818817/mxmEfSzM_normal.jpg";0;"2021-07-08 15:30:29";"2021-07-13 23:59:07"
131574586;"149115340";"ALEX OLIVEIRA";"alexoliveirr";"Reitor do Instituto Estadual de Educa√ß√£o Ci√™ncia e Tecnologia do Maranh√£o. Prof.da UEMA. Doutor em Urbanismo pela Universidade de Paris-Est. Ex-Pres FAPEMA.";2018;"https://pbs.twimg.com/profile_images/1365437876868161540/K9HM8elR_normal.jpg";0;"2021-07-08 15:30:32";"2021-07-14 11:27:15"
131574587;"54627754";"Gilberto L√©da";"gilbertoleda";"Sou blogueiro pq me formei jornalista, n√£o o contr√°rio! Egresso da UFMA, Rep√≥rter de Pol√≠tica do jornal @OEstadoMA
.
https://t.co/2sFyJIsZ6Z";11129;"https://pbs.twimg.com/profile_images/1373398121288450049/MGyWpubp_normal.jpg";0;"2021-07-08 15:30:34";"2021-07-15 11:03:14"
131574588;"1226849278087352320";"Blog Marrapa";"marrapanarede";"";274;"https://pbs.twimg.com/profile_images/1297979816973684737/SKXFvbWU_normal.jpg";0;"2021-07-08 15:30:37";"2021-07-15 11:03:15"
131574589;"46927498";"John Cutrim";"JohnCutrim";"Crist√£o. Comentarista Pol√≠tico da TV Difusora (SBT) e r√°dio Difusora 94,3 FM. Editor no Jornal Pequeno de um dos blogs mais acessados do Nordeste.";12572;"https://pbs.twimg.com/profile_images/1178736010458517505/ht-vaMGc_normal.jpg";0;"2021-07-08 15:30:40";"2021-07-15 11:03:16"
131574590;"44251759";"DIEGO EMIR";"diegoemir";"Jornalista. Eterno aprendiz. Apresentador e comentarista da r√°dio Nova FM 93.1. Titular do blog https://t.co/NhtX6R9ssG. Editor da revista Maranh√£o Hoje";7342;"https://pbs.twimg.com/profile_images/1341394993743839246/K2JLW4AP_normal.jpg";0;"2021-07-08 15:30:42";"2021-07-15 11:03:17"
131574591;"60053376";"Clodoaldo Corr√™a";"clodoaldocorrea";"Jornalista Pol√≠tico";4367;"https://pbs.twimg.com/profile_images/1269114609824411649/V7csmYIS_normal.jpg";0;"2021-07-08 15:30:45";"2021-07-15 11:03:18"
131574592;"24761253";"Joaquim Haickel";"joaquimhaickel";"Escritor, Cineasta... Fica complicado nos apresentarmos em t√£o pouco espa√ßo! Melhores informa√ß√µes a meu respeito no link https://t.co/2fNbI0nzaQ‚Ä¶";5276;"https://pbs.twimg.com/profile_images/512061531475804160/bJuwbVgM_normal.jpeg";0;"2021-07-08 15:30:47";"2021-07-15 11:03:19"
131574593;"274679920";"Marco Aur√©lio D'E√ßa";"marcoadeca";"Jornalista profissional diplomado; titular do blog https://t.co/DGiD9j3FRM";5035;"https://pbs.twimg.com/profile_images/1234616176078213126/CH3JkIJm_normal.jpg";0;"2021-07-08 15:30:50";"2021-07-13 23:59:07"
131574594;"1016611112";"Atual7";"atual7";"Not√≠cias sobre o Maranh√£o, Brasil e Mundo. E-mail: redacao@atual7.com";4139;"https://pbs.twimg.com/profile_images/2985404340/0d1d334bab44a0182d403f4886ac3402_normal.png";0;"2021-07-08 15:30:53";"2021-07-15 11:04:43"
131574595;"169177005";"O Estado";"oestadoma";"H√° 62 anos conectado com a not√≠cia no Maranh√£o, no Brasil e no mundo.  Instagram: @oestadoma Facebook: /jornaloestadoma";32764;"https://pbs.twimg.com/profile_images/1344269187091488774/7AxdIAl0_normal.jpg";0;"2021-07-08 15:30:56";"2021-07-15 11:04:44"
131574596;"1080814654195204096";"Eduardo Braide";"EduardoBraide";"Prefeito de S√£o Lu√≠s, a cidade mais linda do Brasil! ‚ù§ Casado e pai de tr√™s lindos filhos üë©üèªüßíüèªüëßüèª";15259;"https://pbs.twimg.com/profile_images/1396877964214743044/ZLNQVyzL_normal.jpg";1;"2021-07-08 15:30:58";"2021-07-15 11:04:45"
131574597;"211036828";"Dr. Joel Nunes";"Drjoelnunesjr";"üìå Secret√°rio de Sa√∫de de S√£o Lu√≠s
‚ô•Ô∏èM√©dico Cardiologista
üìåConselheiro do CRM-MA";564;"https://pbs.twimg.com/profile_images/1335549858070093824/-nrtlzoF_normal.jpg";0;"2021-07-08 15:31:01";"2021-07-15 11:04:46"
131574598;"1606503036";"Domingos Costa";"DomingosBlog";"https://t.co/ndcjvlyp7O";693;"https://pbs.twimg.com/profile_images/920271791297265664/cRTEG0vu_normal.jpg";0;"2021-07-08 15:31:03";"2021-07-14 11:28:49"
131574599;"165113436";"Neto Ferreira";"BlogdoNeto";"Blogueiro e jornalista";1634;"https://pbs.twimg.com/profile_images/658309240067596288/VHHdV6hl_normal.jpg";0;"2021-07-08 15:31:06";"2021-07-09 09:48:48"
131574600;"169739656";"Luis Pablo";"blogdoluispablo";"Empres√°rio üíº  Jornalista Investigativo üïµüèΩ‚Äç‚ôÇÔ∏è Acesse: https://t.co/ONG87viYWh üë®üèΩ‚Äçüíª";2243;"https://pbs.twimg.com/profile_images/1255843988143210497/OGGY-pwo_normal.jpg";0;"2021-07-08 15:31:08";"2021-07-15 11:04:49"
131574601;"88502425";"S√≠lvia Tereza Jornalista";"blogdasilvia";"Sou jornalista, formada pela UFMA, com especializa√ß√£o em Marketing Pol√≠tico. Estou diretora adjunta de Comunica√ß√£o da Assembleia. Meu blog √© https://t.co/41SCxr";3172;"https://pbs.twimg.com/profile_images/1370208517508960257/sXYJsdyW_normal.jpg";0;"2021-07-08 15:31:11";"2021-07-15 11:04:50"
131574602;"54223926";"Jornal Pequeno";"jornalpequeno";"H√° 70 anos comprometido com a informa√ß√£o";23996;"https://pbs.twimg.com/profile_images/815244779768446976/fTa81pcA_normal.jpg";0;"2021-07-08 15:31:14";"2021-07-15 11:04:51"
131574603;"36778216";"O Imparcial";"imparcialonline";"O jornal mais tradicional do Maranh√£o. Pioneiro, moderno, independente e conectado. H√° 95 anos, todos os dias, o dia inteiro.";29329;"https://pbs.twimg.com/profile_images/1190241286525259776/PlvLX3bd_normal.jpg";0;"2021-07-08 15:31:16";"2021-07-15 11:04:52"
131574604;"18888488";"Imirante.com";"imirante";"Portal https://t.co/AwSyXKL7KB - A informa√ß√£o no seu tempo. / Imicast: https://t.co/J92mgvnYxH";145941;"https://pbs.twimg.com/profile_images/1359193195347922948/TKjmDLXE_normal.jpg";0;"2021-07-08 15:31:19";"2021-07-15 11:04:53"
131574605;"1002217423037255681";"Band Maranh√£o";"tvbandma";"Uma emissora do Grupo Bandeirantes do Grupo Bandeirantes de Comunica√ß√£o.

üì°Canal 17.1 - S√£o Lu√≠s";172;"https://pbs.twimg.com/profile_images/1208114355184766977/KDpi-2vb_normal.jpg";0;"2021-07-08 15:31:21";"2021-07-09 09:48:48"
131574606;"399115403";"TV Guar√° 23";"tvguara23";"Assista ao vivo na TV ABERTA 23.1 | TVN 21 | SKY HD 323 | CLARO 23 | CLARO HD 523 e Portal Guar√°.
R√°dio Guar√° em https://t.co/5l5gbtH8kU
Para mais not√≠cias üëáüèº";9938;"https://pbs.twimg.com/profile_images/1191671670404243456/woAnwb8T_normal.jpg";0;"2021-07-08 15:31:24";"2021-07-15 11:04:55"
131574607;"265024488";"@SLZONLINE";"SLZONLINE";"Not√≠cias e Entretenimento. Instagram: @slzonline";22022;"https://pbs.twimg.com/profile_images/1346538412321497091/h4mGA4oO_normal.jpg";0;"2021-07-08 15:31:26";"2021-07-15 11:04:56"
131574608;"160537024";"oquartopoder.com";"oquartopoder4";"A informa√ß√£o para todo o Maranh√£o";2229;"https://pbs.twimg.com/profile_images/967612805502337024/98ioFO8D_normal.jpg";0;"2021-07-08 15:31:29";"2021-07-15 11:04:57"
131574609;"2601784207";"Maranh√£o de Verdade";"blogmadeverdade";"Not√≠cias, informa√ß√µes, entrevistas, cr√¥nicas, artigos, reportagens e furos sobre pol√≠tica. #Desde2011";2675;"https://pbs.twimg.com/profile_images/1179039298680606721/G5Ldxgq-_normal.jpg";0;"2021-07-08 15:31:31";"2021-07-15 11:04:58"
131574610;"1307554087";"Di√°rio 98";"D98MA";"üá±üá∑ O MAIOR PORTAL DO MARANH√ÉO! O Di√°rio 98 √© independente e tem foco na cobertura nacional, da realidade do Maranh√£o e do Brasil.";6808;"https://pbs.twimg.com/profile_images/1415394499048755200/vhqz6HRr_normal.jpg";0;"2021-07-08 15:31:33";"2021-07-15 11:04:59"
131574611;"2209910422";"Ricardo Marques";"1RicardoMarques";"Advogado, jornalista e radialista";416;"https://pbs.twimg.com/profile_images/641169913906860033/hc_tqLRf_normal.jpg";0;"2021-07-08 15:31:36";"2021-07-08 15:31:36"
131574612;"85859074";"Weverton";"wevertonrocha";"Senador mais votado da hist√≥ria do Maranh√£o‚úäüèΩ
Desde os 16 anos na luta junto com os maranhensesüëäüèæ
Casado com Samya
Pai de Catarina, Miguel e Gabriel";18577;"https://pbs.twimg.com/profile_images/1357816145647173635/LlqRi_8W_normal.jpg";1;"2021-07-08 15:31:38";"2021-07-15 11:05:01"
131574613;"106134926";"Eliziane Gama";"elizianegama";"Senadora. L√≠der do Bloco Senado Independente. Deputada Federal(2015-2018). Deputada Estadual(2007-2014). Defensora dos direitos humanos, inf√¢ncia e mulher";72847;"https://pbs.twimg.com/profile_images/1094996504820006913/0WYRXzZK_normal.jpg";1;"2021-07-08 15:31:41";"2021-07-15 11:05:02"
131574614;"1436541721";"Roberto Rocha üáßüá∑";"RobertoRocha_MA";"Corregedor do Senado. Presidente da Comiss√£o Mista da Reforma Tribut√°ria. Senador do Maranh√£o, do Nordeste e do Brasil. Pai, filho e av√¥.";32289;"https://pbs.twimg.com/profile_images/1369363735559737348/WXM-34h2_normal.jpg";1;"2021-07-08 15:31:44";"2021-07-15 11:05:03"
131574615;"3183992440";"Edivaldo Holanda Jr";"EHolandaJr";"Prefeito de S√£o Lu√≠s 2013-2020 üìù Casado com @braga_csv üíë Pai de duas lindas meninas üëßüëß Apaixonado por minha querida cidade üíô";16298;"https://pbs.twimg.com/profile_images/1201469133835116549/WV_gdteQ_normal.jpg";1;"2021-07-08 15:31:46";"2021-07-15 11:05:04"
131574616;"1155204531942301698";"lahesio bonfim";"LahesioB";"prefeito de S√£o Pedro dos Crentes -ma,m√©dico pela universidade estadual do Piau√≠, m√©dico do Ifma ,p√≥s graduado em UTI, ultrassom,endoscopia e cirurgi√£o geral";147;"https://pbs.twimg.com/profile_images/1370877241433948167/FkLoMPSI_normal.jpg";0;"2021-07-08 15:31:49";"2021-07-15 11:05:05"
131574617;"1351188841558913025";"Juliette";"juliette";"Campe√£ do BBB21 üåµ Paraibana | Caixa Postal: 37681 CEP: 22640970 | Advogada com ascendente em maquiagem e lua em literatura. #TeamJuliette";3258508;"https://pbs.twimg.com/profile_images/1400170751626551300/Mz6ov0aa_normal.jpg";1;"2021-07-08 22:27:24";"2021-07-15 11:05:06"
131574618;"158487331";"Neymar Jr";"neymarjr";"Filho de Deus, Pai, Feliz e Ousado !";54036314;"https://pbs.twimg.com/profile_images/1318976541661986823/8BGLLjLB_normal.jpg";1;"2021-07-09 09:50:15";"2021-07-15 11:05:07"
131574619;"750092719121375232";"Creuzamar de Pinho";"creuzamarpinho";"Mulher, negra, m√£e e assistente social, com hist√≥ria nos  movimentos populares do campo e da cidade.";228;"https://pbs.twimg.com/profile_images/1324036164312072193/qISJfnFq_normal.jpg";0;"2021-07-09 09:52:56";"2021-07-09 09:52:56"
131574620;"762402774260875265";"Guilherme Boulos";"GuilhermeBoulos";"Professor, coordenador do MTST e da Frente Povo Sem Medo. Foi candidato do PSOL √† Presid√™ncia da Rep√∫blica e √† Prefeitura de S√£o Paulo.";1493888;"https://pbs.twimg.com/profile_images/1221967496640704512/3lOox3Kt_normal.jpg";1;"2021-07-09 09:56:07";"2021-07-15 11:05:09"
131574621;"354095556";"Fernando Haddad";"Haddad_Fernando";"Sou professor da USP, ministro da Educa√ß√£o (2005-2012), prefeito de S√£o Paulo (2013-2016) e candidato a Presidente (2018).";2239369;"https://pbs.twimg.com/profile_images/1392615446134861824/5uFGTGoy_normal.jpg";1;"2021-07-09 09:56:19";"2021-07-15 11:05:10"
131574622;"1335942718040793091";"Roseana Sarney Murad";"RoseanaSarneyM";"Mulher, Maranhense e Guerreira. #RoseanaSarney";454;"https://pbs.twimg.com/profile_images/1405310724163964933/K7pHBZL6_normal.jpg";1;"2021-07-09 09:56:31";"2021-07-15 11:01:35"
131574623;"1024403315164160000";"Eduardo Gir√£o";"EduGiraoOficial";"Senador eleito por 1.325.786 cearenses
https://t.co/kroGhLEYOJ
#SenadorEduardoGir√£o #EduardoGir√£o";72071;"https://pbs.twimg.com/profile_images/1298093836401545218/ba_mCDje_normal.jpg";1;"2021-07-09 23:38:52";"2021-07-15 11:05:12"
131574624;"1024403315164160000";"Eduardo Gir√£o";"EduGiraoOficial";"Senador eleito por 1.325.786 cearenses
https://t.co/kroGhLEYOJ
#SenadorEduardoGir√£o #EduardoGir√£o";72071;"https://pbs.twimg.com/profile_images/1298093836401545218/ba_mCDje_normal.jpg";1;"2021-07-09 23:38:52";"2021-07-15 11:05:12"
131574625;"1050121324436307970";"Fabiano Contarato";"ContaratoSenado";"Senador pelo ES. Foi Corregedor-Geral do Estado; Diretor-Geral do Detran-ES; Delegado de Delitos de Tr√¢nsito. Luta contra a impunidade e a desigualdade.";109131;"https://pbs.twimg.com/profile_images/1183351777963450368/94wIft5M_normal.jpg";1;"2021-07-09 23:52:50";"2021-07-15 11:05:14"
131574626;"1335942718040793091";"Roseana Sarney Murad";"RoseanaSarneyM";"Mulher, Maranhense e Guerreira. #RoseanaSarney";454;"https://pbs.twimg.com/profile_images/1405310724163964933/K7pHBZL6_normal.jpg";1;"2021-07-09 23:56:20";"2021-07-15 11:01:35"
131574627;"2445921702";"Omar Aziz";"OmarAzizSenador";"Senador pelo Amazonas. Presidente da CPI da Pandemia. Presidente da Comiss√£o de Seguran√ßa P√∫blica. Ex-governador do AM. Engenheiro e pai.";190984;"https://pbs.twimg.com/profile_images/1409487549064749066/3kp20AHA_normal.jpg";1;"2021-07-10 11:58:36";"2021-07-15 11:05:16"
131574628;"4250596815";"Senador Alessandro Vieira";"Sen_Alessandro";"Senador Alessandro √© delegado da Pol√≠cia Civil de Sergipe. L√≠der do partido Cidadania no Senado Federal.";151903;"https://pbs.twimg.com/profile_images/1116337503055822849/K6K6ujzr_normal.png";1;"2021-07-10 11:58:58";"2021-07-15 11:05:17"
131574629;"126436384";"Silas Malafaia";"PastorMalafaia";"Meus sonhos passam por pessoas.
Presidente da @advecoficial
Fundador da @avec_oficial
Autor da @edcentralgospel
Casado com @elizetemalafaia";1430404;"https://pbs.twimg.com/profile_images/1100500278091149313/P-nhDDrI_normal.png";1;"2021-07-10 11:59:37";"2021-07-15 11:05:18"
131574630;"528507920";"ùêÜùêûùê´ùê¶ùêöùêß ùêÇùêöùêßùê®";"Germancanoofi";"Cuenta Oficial üá¶üá∑üáßüá∑";147182;"https://pbs.twimg.com/profile_images/1409474654633443328/A5Q9yvYD_normal.jpg";1;"2021-07-10 12:00:46";"2021-07-15 11:05:19"
131574631;"28273230";"Vasco da Gama";"VascodaGama";"Primeiro Campe√£o Continental do Mundo. üèÜüí¢‚öΩüí™üèΩ

Todos os nossos perfis nas redes e iniciativas digitais:

üëâüèΩ https://t.co/hMsLj0320s";2437357;"https://pbs.twimg.com/profile_images/1410433271557656579/ncxWqqNG_normal.jpg";1;"2021-07-10 12:00:57";"2021-07-15 11:05:20"
131574632;"33374761";"Ciro Gomes";"cirogomes";"Foi deputado, prefeito, governador e ministro. Viabilizou grandes obras, ajudou a consolidar o Plano Real e nunca foi processado por roubalheira.";1227719;"https://pbs.twimg.com/profile_images/1391927544539189248/Ha-Rg4Eo_normal.jpg";1;"2021-07-10 13:05:36";"2021-07-15 11:05:21"
131574633;"1335942718040793091";"Roseana Sarney Murad";"RoseanaSarneyM";"Mulher, Maranhense e Guerreira. #RoseanaSarney";454;"https://pbs.twimg.com/profile_images/1405310724163964933/K7pHBZL6_normal.jpg";1;"2021-07-10 13:06:21";"2021-07-15 11:01:35"
131574634;"1155204531942301698";"lahesio bonfim";"LahesioB";"prefeito de S√£o Pedro dos Crentes -ma,m√©dico pela universidade estadual do Piau√≠, m√©dico do Ifma ,p√≥s graduado em UTI, ultrassom,endoscopia e cirurgi√£o geral";147;"https://pbs.twimg.com/profile_images/1370877241433948167/FkLoMPSI_normal.jpg";0;"2021-07-10 13:07:17";"2021-07-15 11:05:05"
131574635;"1080814654195204096";"Eduardo Braide";"EduardoBraide";"Prefeito de S√£o Lu√≠s, a cidade mais linda do Brasil! ‚ù§ Casado e pai de tr√™s lindos filhos üë©üèªüßíüèªüëßüèª";15259;"https://pbs.twimg.com/profile_images/1396877964214743044/ZLNQVyzL_normal.jpg";1;"2021-07-10 13:07:50";"2021-07-15 11:04:45"
131574636;"2733448727";"Alberto Carlos üáßüá∑";"albertocarlosof";"Vereador, l√≠der do PL na C√¢mara, Presidente e Relator, respectivamente, das Comiss√£o de Educa√ß√£o e Comunica√ß√£o da C√¢mara. Maranhense. Chapadinhense de Cora√ß√£o.";1148;"https://pbs.twimg.com/profile_images/1302289196397334529/8qLT36hw_normal.jpg";0;"2021-07-15 10:58:01";"2021-07-15 10:58:01"